USE p1g6;
GO
;

--Tabela [Store]
INSERT INTO proj.Store VALUES ('Loja Universal');
GO
;

--Tabela [Market]
INSERT INTO proj.Market VALUES ('Mercado da Comunidade');
GO
;

--Tabela [AppUser]
INSERT INTO proj.AppUser (Email, Fname, Lname, Birthdate, Sex, Street, Postcode, City, Country, Balance) VALUES ('mgeere0@cnbc.com', 'Marven', 'Geere', '2003-05-15', 'M', '943 Messerschmidt Circle', '62800-000', 'Aracati', 'Brazil', 50);
INSERT INTO proj.AppUser (Email, Fname, Lname, Birthdate, Sex, Street, Postcode, City, Country, Balance) VALUES ('dmotton1@accuweather.com', 'Dorree', 'Motton', '1968-01-30', ' ', '1655 Truax Plaza', '17110', 'Harrisburg', 'United States', 112.27);
INSERT INTO proj.AppUser (Email, Fname, Lname, Birthdate, Sex, Street, Postcode, City, Country, Balance) VALUES ('rgallon2@si.edu', 'Ray', 'Gallon', '1986-08-29', 'M', '639 Clyde Gallagher Junction', '4525-274', 'Espinheira', 'Portugal', 246.73);
INSERT INTO proj.AppUser (Email, Fname, Lname, Birthdate, Sex, Street, Postcode, City, Country, Balance) VALUES ('hdeye3@twitter.com', 'Haley', 'D''eye', '1994-08-29', 'M', '307 Randy Pass', '4755-318', 'Midoes', 'Portugal', 228.59);
INSERT INTO proj.AppUser (Email, Fname, Lname, Birthdate, Sex, Street, Postcode, City, Country, Balance) VALUES ('jpantin4@zimbio.com', 'Julina', 'Pantin', '1972-08-27', 'F', '68 Anniversary Street', 'LN6', 'Stapleford', 'United Kingdom', 154.77);
INSERT INTO proj.AppUser (Email, Fname, Lname, Birthdate, Sex, Street, Postcode, City, Country, Balance) VALUES ('ddebischof5@mail.ru', 'Deana', 'De Bischof', '1986-05-23', 'F', '51308 Morrow Road', '89130-000', 'Indaial', 'Brazil', 221.35);
INSERT INTO proj.AppUser (Email, Fname, Lname, Birthdate, Sex, Street, Postcode, City, Country, Balance) VALUES ('rtreasure6@cloudflare.com', 'Rockwell', 'Treasure', '1944-07-23', 'M', '751 Comanche Terrace', '3158', 'Whakatane', 'New Zealand', 58.64);
INSERT INTO proj.AppUser (Email, Fname, Lname, Birthdate, Sex, Street, Postcode, City, Country, Balance) VALUES ('asextone7@i2i.jp', 'Ayn', 'Sextone', '1990-07-09', 'F', '0934 Katie Hill', '31015', 'Pamplona/Iruna', 'Spain', 190.96);
INSERT INTO proj.AppUser (Email, Fname, Lname, Birthdate, Sex, Street, Postcode, City, Country, Balance) VALUES ('uglowacha8@amazon.co.jp', 'Ulises', 'Glowacha', '1954-06-29', 'M', '4 Schiller Terrace', '623850', 'Irbit', 'Russia', 90.76);
INSERT INTO proj.AppUser (Email, Fname, Lname, Birthdate, Sex, Street, Postcode, City, Country, Balance) VALUES ('slosemann9@reddit.com', 'Saundra', 'Losemann', '1990-03-30', 'F', '9 Dennis Alley', '15150-000', 'Monte Aprazível', 'Brazil', 197.72);
INSERT INTO proj.AppUser (Email, Fname, Lname, Birthdate, Sex, Street, Postcode, City, Country, Balance) VALUES ('everryanb@yellowpages.com', 'Enos', 'Verryan', '1999-09-04', 'M', '19865 Boyd Circle', '37-565', 'Mirocin', 'Poland', 232.8);
INSERT INTO proj.AppUser (Email, Fname, Lname, Birthdate, Sex, Street, Postcode, City, Country, Balance) VALUES ('sachurchc@usa.gov', 'Stanwood', 'Achurch', '1949-03-25', 'M', '9 Center Parkway', '76105', 'Fort Worth', 'United States', 152.58);
INSERT INTO proj.AppUser (Email, Fname, Lname, Birthdate, Sex, Street, Postcode, City, Country, Balance) VALUES ('rpengillyd@earthlink.net', 'Rachel', 'Pengilly', '1986-01-04', ' ', '2 Holy Cross Terrace', 'H9S', 'Dorval', 'Canada', 46.52);
INSERT INTO proj.AppUser (Email, Fname, Lname, Birthdate, Sex, Street, Postcode, City, Country, Balance) VALUES ('bjakoubece@indiatimes.com', 'Beatriz', 'Jakoubec', '1985-02-09', 'F', '482 Tomscot Point', '960-0645', 'Daigo', 'Japan', 39.68);
INSERT INTO proj.AppUser (Email, Fname, Lname, Birthdate, Sex, Street, Postcode, City, Country, Balance) VALUES ('vlawlorf@artisteer.com', 'Vincenz', 'Lawlor', '1983-08-19', 'M', '339 Briar Crest Alley', '05-319', 'Ceglow', 'Poland', 105.19);
INSERT INTO proj.AppUser (Email, Fname, Lname, Birthdate, Sex, Street, Postcode, City, Country, Balance) VALUES ('rbattillg@japanpost.jp', 'Rakel', 'Battill', '1992-02-09', ' ', '6758 Kim Road', '75455 CEDEX 09', 'Paris 09', 'France', 192.3);
INSERT INTO proj.AppUser (Email, Fname, Lname, Birthdate, Sex, Street, Postcode, City, Country, Balance) VALUES ('rjanaudh@dion.ne.jp', 'Reggi', 'Janaud', '1957-05-05', 'F', '405 Bayside Place', '17280-000', 'Pederneiras', 'Brazil', 80.64);
INSERT INTO proj.AppUser (Email, Fname, Lname, Birthdate, Sex, Street, Postcode, City, Country, Balance) VALUES ('spollyi@princeton.edu', 'Silvanus', 'Polly', '1998-05-25', 'M', '58311 Stephen Drive', '3740', 'Quimili', 'Argentina', 96.33);
INSERT INTO proj.AppUser (Email, Fname, Lname, Birthdate, Sex, Street, Postcode, City, Country, Balance) VALUES ('hdobelj@dropbox.com', 'Heindrick', 'Dobel', '1991-06-04', 'M', '2081 Ohio Point', '157305', 'Manturovo', 'Russia', 215.05);
INSERT INTO proj.AppUser (Email, Fname, Lname, Birthdate, Sex, Street, Postcode, City, Country, Balance) VALUES ('fhaestierk@stumbleupon.com', 'Fulvia', 'Haestier', '1957-03-03', 'F', '7 Briar Crest Place', '72035 CEDEX 1', 'Le Mans', 'France', 237.81);
INSERT INTO proj.AppUser (Email, Fname, Lname, Birthdate, Sex, Street, Postcode, City, Country, Balance) VALUES ('cvialsl@posterous.com', 'Casie', 'Vials', '1987-05-11', 'F', '605 Esker Alley', '68370-000', 'Altamira', 'Brazil', 41.83);
INSERT INTO proj.AppUser (Email, Fname, Lname, Birthdate, Sex, Street, Postcode, City, Country, Balance) VALUES ('dtoffalom@a8.net', 'Deidre', 'Toffalo', '1983-12-18', ' ', '11346 Clyde Gallagher Plaza', '6709', 'Wageningen', 'Netherlands', 9.76);
INSERT INTO proj.AppUser (Email, Fname, Lname, Birthdate, Sex, Street, Postcode, City, Country, Balance) VALUES ('esturleyn@harvard.edu', 'Eliza', 'Sturley', '1995-06-08', 'F', '87 Farmco Point', '303773', 'Vyshneye Dolgoye', 'Russia', 136.71);
INSERT INTO proj.AppUser (Email, Fname, Lname, Birthdate, Sex, Street, Postcode, City, Country, Balance) VALUES ('eboldryo@biglobe.ne.jp', 'Esme', 'Boldry', '1966-08-19', 'M', '886 Starling Trail', '33448', 'Delray Beach', 'United States', 241.2);
INSERT INTO proj.AppUser (Email, Fname, Lname, Birthdate, Sex, Street, Postcode, City, Country, Balance) VALUES ('sdalwisp@myspace.com', 'Stewart', 'D''Alwis', '1991-02-06', ' ', '436 Aberg Hill', '54932', 'Isidro Fabela', 'Mexico', 23.19);
INSERT INTO proj.AppUser (Email, Fname, Lname, Birthdate, Sex, Street, Postcode, City, Country, Balance) VALUES ('jjanikq@ted.com', 'Jarrad', 'Janik', '1980-05-09', 'M', '685 Corscot Junction', '5144', 'Waalwijk', 'Netherlands', 50.67);
INSERT INTO proj.AppUser (Email, Fname, Lname, Birthdate, Sex, Street, Postcode, City, Country, Balance) VALUES ('ppitbladdor@360.cn', 'Perren', 'Pitbladdo', '2002-01-23', 'M', '33744 Sachtjen Junction', '43-211', 'Piasek', 'Poland', 10.51);
INSERT INTO proj.AppUser (Email, Fname, Lname, Birthdate, Sex, Street, Postcode, City, Country, Balance) VALUES ('tvaliants@g.co', 'Thornie', 'Valiant', '1972-07-29', 'M', '33667 Sugar Crossing', '06-225', 'Rzewnie', 'Poland', 226.01);
INSERT INTO proj.AppUser (Email, Fname, Lname, Birthdate, Sex, Street, Postcode, City, Country, Balance) VALUES ('afiveasht@msn.com', 'Aleece', 'Fiveash', '1975-04-04', 'F', '4638 Troy Circle', '142139', 'Pushkino', 'Russia', 7.01);
INSERT INTO proj.AppUser (Email, Fname, Lname, Birthdate, Sex, Street, Postcode, City, Country, Balance) VALUES ('dlemarchandu@nhs.uk', 'Dolores', 'Le Marchand', '1979-05-20', 'F', '21511 Transport Crossing', '79540-000', 'Cassilandia', 'Brazil', 142.31);
INSERT INTO proj.AppUser (Email, Fname, Lname, Birthdate, Sex, Street, Postcode, City, Country, Balance) VALUES ('asheldonv@a8.net', 'Alfonse', 'Sheldon', '1967-01-05', 'M', '447 Aberg Alley', '352421', 'Rassvet', 'Russia', 130.86);
INSERT INTO proj.AppUser (Email, Fname, Lname, Birthdate, Sex, Street, Postcode, City, Country, Balance) VALUES ('gtorrejonw@people.com.cn', 'Georgiana', 'Torrejon', '1973-10-31', ' ', '57275 Anniversary Trail', '98-160', 'Sedziejowice', 'Poland', 161.53);
INSERT INTO proj.AppUser (Email, Fname, Lname, Birthdate, Sex, Street, Postcode, City, Country, Balance) VALUES ('breevex@opensource.org', 'Beltran', 'Reeve', '1985-04-08', 'M', '5 Summerview Avenue', '6555', 'Daireaux', 'Argentina', 215.96);
INSERT INTO proj.AppUser (Email, Fname, Lname, Birthdate, Sex, Street, Postcode, City, Country, Balance) VALUES ('lroncay@issuu.com', 'Letizia', 'Ronca', '1951-06-07', 'F', '5 Derek Plaza', '5823', 'Los Condores', 'Argentina', 54.4);
INSERT INTO proj.AppUser (Email, Fname, Lname, Birthdate, Sex, Street, Postcode, City, Country, Balance) VALUES ('agothliffz@foxnews.com', 'Alwyn', 'Gothliff', '1974-03-08', 'M', '6014 Springview Junction', '17380-000', 'Brotas', 'Brazil', 132.82);
INSERT INTO proj.AppUser (Email, Fname, Lname, Birthdate, Sex, Street, Postcode, City, Country, Balance) VALUES ('zbutterfield10@blogspot.com', 'Zollie', 'Butterfield', '1950-05-16', 'M', '46 Dapin Hill', '35129', 'Padova', 'Italy', 241.72);
INSERT INTO proj.AppUser (Email, Fname, Lname, Birthdate, Sex, Street, Postcode, City, Country, Balance) VALUES ('gledgister11@microsoft.com', 'Granny', 'Ledgister', '1996-05-30', ' ', '38 Lyons Pass', '23-231', 'Goscieradow', 'Poland', 236.81);
INSERT INTO proj.AppUser (Email, Fname, Lname, Birthdate, Sex, Street, Postcode, City, Country, Balance) VALUES ('cbirwhistle12@weebly.com', 'Coleman', 'Birwhistle', '1964-10-05', 'M', '094 Myrtle Court', '161469', 'Nikolsk', 'Russia', 90.76);
INSERT INTO proj.AppUser (Email, Fname, Lname, Birthdate, Sex, Street, Postcode, City, Country, Balance) VALUES ('ahow13@mtv.com', 'Annalise', 'How', '1984-11-22', 'F', '57 Birchwood Pass', '184653', 'Polyarnyy', 'Russia', 3.48);
INSERT INTO proj.AppUser (Email, Fname, Lname, Birthdate, Sex, Street, Postcode, City, Country, Balance) VALUES ('abeardsworth14@skyrock.com', 'Archy', 'Beardsworth', '1961-05-10', 'M', '007 Gerald Junction', '80-893', 'Prazmow', 'Poland', 235.38);
INSERT INTO proj.AppUser (Email, Fname, Lname, Birthdate, Sex, Street, Postcode, City, Country, Balance) VALUES ('tcutsforth15@example.com', 'Townsend', 'Cutsforth', '1995-01-13', 'M', '95965 Starling Park', '10270', 'New York City', 'United States', 48.91);
INSERT INTO proj.AppUser (Email, Fname, Lname, Birthdate, Sex, Street, Postcode, City, Country, Balance) VALUES ('jmyrkus16@sakura.ne.jp', 'Jo', 'Myrkus', '1970-12-06', 'F', '80 Mallard Hill', '40687', 'El Aguacate', 'Mexico', 211.75);
INSERT INTO proj.AppUser (Email, Fname, Lname, Birthdate, Sex, Street, Postcode, City, Country, Balance) VALUES ('pskewes17@ebay.co.uk', 'Paten', 'Skewes', '1933-09-11', 'M', '5751 West Junction', '186670', 'Chupa', 'Russia', 176.88);
INSERT INTO proj.AppUser (Email, Fname, Lname, Birthdate, Sex, Street, Postcode, City, Country, Balance) VALUES ('kvinson18@gmpg.org', 'Krispin', 'Vinson', '1989-06-04', 'M', '7 Westend Lane', '97-216', 'Czerniewice', 'Poland', 23.58);
INSERT INTO proj.AppUser (Email, Fname, Lname, Birthdate, Sex, Street, Postcode, City, Country, Balance) VALUES ('educarme19@auda.org.au', 'Esther', 'ducarme', '1986-10-21', 'F', '13 Blaine Point', '08650', 'Trenton', 'United States', 191.67);
INSERT INTO proj.AppUser (Email, Fname, Lname, Birthdate, Sex, Street, Postcode, City, Country, Balance) VALUES ('anorcliff1a@omniture.com', 'Alfred', 'Norcliff', '1944-04-18', 'M', '9 Drewry Lane', '37-600', 'Lubaczow', 'Poland', 164.58);
INSERT INTO proj.AppUser (Email, Fname, Lname, Birthdate, Sex, Street, Postcode, City, Country, Balance) VALUES ('granns1b@nba.com', 'Giulio', 'Ranns', '1955-05-19', 'M', '2 Schmedeman Center', '15104 CEDEX', 'Saint-Flour', 'France', 196.74);
INSERT INTO proj.AppUser (Email, Fname, Lname, Birthdate, Sex, Street, Postcode, City, Country, Balance) VALUES ('dperring1c@stumbleupon.com', 'Donall', 'Perring', '1977-06-27', 'M', '46 Shoshone Alley', '879-4413', 'Tsukawaki', 'Japan', 63.79);
INSERT INTO proj.AppUser (Email, Fname, Lname, Birthdate, Sex, Street, Postcode, City, Country, Balance) VALUES ('bkemitt1d@blogtalkradio.com', 'Berkeley', 'Kemitt', '1955-05-19', 'M', '99973 Ludington Park', '4625-604', 'Lourido', 'Portugal', 71.3);
INSERT INTO proj.AppUser (Email, Fname, Lname, Birthdate, Sex, Street, Postcode, City, Country, Balance) VALUES ('broggero1e@apple.com', 'Buffy', 'Roggero', '1964-05-25', 'F', '803 Hollow Ridge Hill', '46025', 'Valencia', 'Spain', 92.46);
INSERT INTO proj.AppUser (Email, Fname, Lname, Birthdate, Sex, Street, Postcode, City, Country, Balance) VALUES ('jtuiller1f@about.me', 'Jessi', 'Tuiller', '1989-04-26', 'F', '51 Eggendart Park', '986-0704', 'Moriyama', 'Japan', 114.3);
INSERT INTO proj.AppUser (Email, Fname, Lname, Birthdate, Sex, Street, Postcode, City, Country, Balance) VALUES ('cgavrielli1g@theglobeandmail.com', 'Cristy', 'Gavrielli', '1941-01-16', 'F', '11098 Mockingbird Trail', '303167', 'Kosaya Gora', 'Russia', 161.87);
INSERT INTO proj.AppUser (Email, Fname, Lname, Birthdate, Sex, Street, Postcode, City, Country, Balance) VALUES ('halexandersson1h@rediff.com', 'Hank', 'Alexandersson', '1948-02-18', 'M', '128 Milwaukee Hill', '1625', 'Belen de Escobar', 'Argentina', 120.84);
INSERT INTO proj.AppUser (Email, Fname, Lname, Birthdate, Sex, Street, Postcode, City, Country, Balance) VALUES ('zthake1i@php.net', 'Zorina', 'Thake', '1974-04-24', 'F', '75 Oriole Drive', '58-111', 'Gorzyczki', 'Poland', 176.28);
INSERT INTO proj.AppUser (Email, Fname, Lname, Birthdate, Sex, Street, Postcode, City, Country, Balance) VALUES ('clowry1j@mapy.cz', 'Chev', 'Lowry', '1965-09-01', 'M', '6 Magdeline Court', '30061', 'Marietta', 'United States', 194.86);
INSERT INTO proj.AppUser (Email, Fname, Lname, Birthdate, Sex, Street, Postcode, City, Country, Balance) VALUES ('sdowty1k@ovh.net', 'Sullivan', 'Dowty', '1969-02-19', ' ', '66578 Luster Point', '26-333', 'Paradyz', 'Poland', 233.49);
INSERT INTO proj.AppUser (Email, Fname, Lname, Birthdate, Sex, Street, Postcode, City, Country, Balance) VALUES ('cbryns1l@devhub.com', 'Carmine', 'Bryns', '1975-08-15', ' ', '497 Morningstar Way', '992-0478', 'Takehara', 'Japan', 171.45);
INSERT INTO proj.AppUser (Email, Fname, Lname, Birthdate, Sex, Street, Postcode, City, Country, Balance) VALUES ('emohamed1m@mashable.com', 'Ethelbert', 'Mohamed', '1971-06-04', 'M', '42 Algoma Pass', '425050', 'Suslonger', 'Russia', 100.08);
INSERT INTO proj.AppUser (Email, Fname, Lname, Birthdate, Sex, Street, Postcode, City, Country, Balance) VALUES ('gsirett1n@mapy.cz', 'Gawain', 'Sirett', '1957-09-23', 'M', '3 Elka Way', '2725-094', 'Mem Martins', 'Portugal', 107.31);
INSERT INTO proj.AppUser (Email, Fname, Lname, Birthdate, Sex, Street, Postcode, City, Country, Balance) VALUES ('kkezor1o@youku.com', 'Karena', 'Kezor', '1956-05-05', 'F', '34594 Express Drive', '21-310', 'Wohyn', 'Poland', 161.93);
INSERT INTO proj.AppUser (Email, Fname, Lname, Birthdate, Sex, Street, Postcode, City, Country, Balance) VALUES ('sboddie1p@ow.ly', 'Seumas', 'Boddie', '1995-10-29', 'M', '20 Sunnyside Park', '80305', 'Boulder', 'United States', 133.51);
INSERT INTO proj.AppUser (Email, Fname, Lname, Birthdate, Sex, Street, Postcode, City, Country, Balance) VALUES ('amaccrea1q@quantcast.com', 'Alie', 'Maccrea', '1955-08-18', 'F', '27231 Westerfield Alley', '83040 CEDEX 9', 'Toulon', 'France', 209.43);
INSERT INTO proj.AppUser (Email, Fname, Lname, Birthdate, Sex, Street, Postcode, City, Country, Balance) VALUES ('kgennings1r@quantcast.com', 'Krystalle', 'Gennings', '1967-11-03', ' ', '91362 Grasskamp Terrace', '904-2244', 'Okinawa', 'Japan', 41.25);
INSERT INTO proj.AppUser (Email, Fname, Lname, Birthdate, Sex, Street, Postcode, City, Country, Balance) VALUES ('jhaseldine1s@istockphoto.com', 'Jehanna', 'Haseldine', '1946-03-19', 'F', '4953 Hagan Street', '2950-438', 'Venda do Alcaide', 'Portugal', 116.33);
INSERT INTO proj.AppUser (Email, Fname, Lname, Birthdate, Sex, Street, Postcode, City, Country, Balance) VALUES ('petoile1t@bravesites.com', 'Piggy', 'Etoile', '1954-09-23', 'M', '8779 Jenna Parkway', '241521', 'Suponevo', 'Russia', 92.59);
INSERT INTO proj.AppUser (Email, Fname, Lname, Birthdate, Sex, Street, Postcode, City, Country, Balance) VALUES ('sworts1u@ucoz.ru', 'Sutherlan', 'Worts', '1974-09-17', 'M', '2 Saint Paul Crossing', '377-0816', 'Nakanojomachi', 'Japan', 173.43);
INSERT INTO proj.AppUser (Email, Fname, Lname, Birthdate, Sex, Street, Postcode, City, Country, Balance) VALUES ('lpusill1v@unc.edu', 'Laverne', 'Pusill', '1955-07-20', 'F', '6 Nova Crossing', '86-031', 'Osielsko', 'Poland', 79.39);
INSERT INTO proj.AppUser (Email, Fname, Lname, Birthdate, Sex, Street, Postcode, City, Country, Balance) VALUES ('nligerton1w@tumblr.com', 'Nan', 'Ligerton', '1946-10-09', 'F', '73 Lakewood Gardens Point', '184366', 'Baykalovo', 'Russia', 123.48);
INSERT INTO proj.AppUser (Email, Fname, Lname, Birthdate, Sex, Street, Postcode, City, Country, Balance) VALUES ('gconradsen1x@prnewswire.com', 'Gusty', 'Conradsen', '1985-08-19', ' ', '94960 Mccormick Pass', '9521', 'Viljoenskroon', 'South Africa', 242.71);
INSERT INTO proj.AppUser (Email, Fname, Lname, Birthdate, Sex, Street, Postcode, City, Country, Balance) VALUES ('gbirdis1y@amazon.co.jp', 'Gaelan', 'Birdis', '1996-10-25', 'M', '1353 Morrow Parkway', '21747', 'Hagerstown', 'United States', 15.37);
INSERT INTO proj.AppUser (Email, Fname, Lname, Birthdate, Sex, Street, Postcode, City, Country, Balance) VALUES ('bstebbings1z@apple.com', 'Buddie', 'Stebbings', '1981-05-27', 'M', '204 Blackbird Street', '91982 CEDEX 9', 'Évry', 'France', 121.51);
INSERT INTO proj.AppUser (Email, Fname, Lname, Birthdate, Sex, Street, Postcode, City, Country, Balance) VALUES ('sfireman20@moonfruit.com', 'Shane', 'Fireman', '1964-02-20', ' ', '221 Manitowish Court', '4570-414', 'Rates', 'Portugal', 213.92);
INSERT INTO proj.AppUser (Email, Fname, Lname, Birthdate, Sex, Street, Postcode, City, Country, Balance) VALUES ('lmargaritelli21@shinystat.com', 'Lyn', 'Margaritelli', '1975-06-14', 'M', '2 Bay Circle', '641500', 'Lebyazhye', 'Russia', 139.02);
INSERT INTO proj.AppUser (Email, Fname, Lname, Birthdate, Sex, Street, Postcode, City, Country, Balance) VALUES ('cvanmerwe22@gizmodo.com', 'Chiquita', 'Van Merwe', '1967-08-02', ' ', '6080 Hooker Hill', '238703', 'Lesnoye', 'Russia', 207.52);
INSERT INTO proj.AppUser (Email, Fname, Lname, Birthdate, Sex, Street, Postcode, City, Country, Balance) VALUES ('rtoms23@nyu.edu', 'Ruby', 'Toms', '1995-12-03', 'M', '6 Center Parkway', '35574 CEDEX', 'Chantepie', 'France', 63.51);
INSERT INTO proj.AppUser (Email, Fname, Lname, Birthdate, Sex, Street, Postcode, City, Country, Balance) VALUES ('djelley24@salon.com', 'Dianemarie', 'Jelley', '1997-05-03', 'F', '59 Cambridge Place', '175276', 'Ostashkov', 'Russia', 13.15);
INSERT INTO proj.AppUser (Email, Fname, Lname, Birthdate, Sex, Street, Postcode, City, Country, Balance) VALUES ('moveril25@phoca.cz', 'Micki', 'Overil', '1943-09-17', ' ', '72 Merrick Center', '54927', 'El Carmen', 'Mexico', 40.9);
INSERT INTO proj.AppUser (Email, Fname, Lname, Birthdate, Sex, Street, Postcode, City, Country, Balance) VALUES ('ajeanneau26@noaa.gov', 'Aguste', 'Jeanneau', '1956-12-21', 'M', '6 Northwestern Hill', '9213', 'Leleque', 'Argentina', 191.25);
INSERT INTO proj.AppUser (Email, Fname, Lname, Birthdate, Sex, Street, Postcode, City, Country, Balance) VALUES ('rmallall27@csmonitor.com', 'Reilly', 'Mallall', '1984-01-17', 'M', '179 Namekagon Road', '34-471', 'Lasek', 'Poland', 182.46);
INSERT INTO proj.AppUser (Email, Fname, Lname, Birthdate, Sex, Street, Postcode, City, Country, Balance) VALUES ('aatty28@flickr.com', 'Angie', 'Atty', '1925-03-14', 'M', '0458 Quincy Trail', '9400', 'Rio Gallegos', 'Argentina', 1.79);
INSERT INTO proj.AppUser (Email, Fname, Lname, Birthdate, Sex, Street, Postcode, City, Country, Balance) VALUES ('cpashbee29@nature.com', 'Christiano', 'Pashbee', '1987-04-17', 'M', '8448 Dovetail Park', '67236', 'Wichita', 'United States', 195.84);
INSERT INTO proj.AppUser (Email, Fname, Lname, Birthdate, Sex, Street, Postcode, City, Country, Balance) VALUES ('tauchterlonie2a@addtoany.com', 'Tildy', 'Auchterlonie', '1946-07-25', ' ', '450 Hintze Park', '839-1407', 'Miharu', 'Japan', 220.96);
INSERT INTO proj.AppUser (Email, Fname, Lname, Birthdate, Sex, Street, Postcode, City, Country, Balance) VALUES ('jburnyeat2b@topsy.com', 'Janeen', 'Burnyeat', '1988-02-02', 'F', '23582 American Trail', '363104', 'Grazhdanskoye', 'Russia', 165.68);
INSERT INTO proj.AppUser (Email, Fname, Lname, Birthdate, Sex, Street, Postcode, City, Country, Balance) VALUES ('eaudiss2c@edublogs.org', 'Enid', 'Audiss', '1976-03-03', 'F', '014 Fallview Road', '32-432', 'Osieczany', 'Poland', 143.19);
INSERT INTO proj.AppUser (Email, Fname, Lname, Birthdate, Sex, Street, Postcode, City, Country, Balance) VALUES ('blafoy2d@hibu.com', 'Bogart', 'Lafoy', '1944-04-03', 'M', '9 Eastlawn Crossing', '60477 CEDEX', 'Compiegne', 'France', 15.29);
INSERT INTO proj.AppUser (Email, Fname, Lname, Birthdate, Sex, Street, Postcode, City, Country, Balance) VALUES ('ebalmer2e@dot.gov', 'Elvis', 'Balmer', '1997-10-01', 'M', '1417 Commercial Junction', '649193', 'Choya', 'Russia', 34.32);
INSERT INTO proj.AppUser (Email, Fname, Lname, Birthdate, Sex, Street, Postcode, City, Country, Balance) VALUES ('iswain2f@vimeo.com', 'Ida', 'Swain', '1963-04-16', ' ', '5408 Lien Hill', '78732', 'Austin', 'United States', 199.81);
INSERT INTO proj.AppUser (Email, Fname, Lname, Birthdate, Sex, Street, Postcode, City, Country, Balance) VALUES ('hjorat2g@chron.com', 'Hollie', 'Jorat', '1961-08-22', 'F', '11270 Vera Plaza', '79260-000', 'Bela Vista', 'Brazil', 21.28);
INSERT INTO proj.AppUser (Email, Fname, Lname, Birthdate, Sex, Street, Postcode, City, Country, Balance) VALUES ('jlongworth2h@fastcompany.com', 'Jessamine', 'Longworth', '1991-03-10', 'F', '040 Independence Avenue', '3040-555', 'Albergaria', 'Portugal', 129.18);
INSERT INTO proj.AppUser (Email, Fname, Lname, Birthdate, Sex, Street, Postcode, City, Country, Balance) VALUES ('ablasetti2i@ed.gov', 'Amitie', 'Blasetti', '1996-12-10', ' ', '155 Kedzie Park', '43-178', 'Ornontowice', 'Poland', 209.63);
INSERT INTO proj.AppUser (Email, Fname, Lname, Birthdate, Sex, Street, Postcode, City, Country, Balance) VALUES ('lscholfield2j@is.gd', 'Lonni', 'Scholfield', '1970-07-19', 'F', '6516 Dovetail Crossing', '62-620', 'Babiak', 'Poland', 64.7);
INSERT INTO proj.AppUser (Email, Fname, Lname, Birthdate, Sex, Street, Postcode, City, Country, Balance) VALUES ('pblackaller2k@cbsnews.com', 'Papageno', 'Blackaller', '1959-12-13', 'M', '07863 Menomonie Drive', '357815', 'Podgornaya', 'Russia', 187.07);
INSERT INTO proj.AppUser (Email, Fname, Lname, Birthdate, Sex, Street, Postcode, City, Country, Balance) VALUES ('tbenwell2l@sourceforge.net', 'Terrell', 'Benwell', '1944-04-30', 'M', '0386 Talisman Alley', '2670', 'Chacabuco', 'Argentina', 23.96);
INSERT INTO proj.AppUser (Email, Fname, Lname, Birthdate, Sex, Street, Postcode, City, Country, Balance) VALUES ('toswick2m@reddit.com', 'Trescha', 'Oswick', '1991-03-05', 'F', '4174 Village Place', '93828', '20 de Noviembre', 'Mexico', 76.12);
INSERT INTO proj.AppUser (Email, Fname, Lname, Birthdate, Sex, Street, Postcode, City, Country, Balance) VALUES ('kprescote2n@livejournal.com', 'Kinna', 'Prescote', '1933-11-05', 'F', '2 Hazelcrest Center', '3070-725', 'Praia de Mira', 'Portugal', 107.59);
INSERT INTO proj.AppUser (Email, Fname, Lname, Birthdate, Sex, Street, Postcode, City, Country, Balance) VALUES ('glevane2o@diigo.com', 'Guendolen', 'Levane', '2003-03-19', ' ', '1417 Meadow Valley Junction', '91384 CEDEX', 'Chilly-Mazarin', 'France', 46.8);
INSERT INTO proj.AppUser (Email, Fname, Lname, Birthdate, Sex, Street, Postcode, City, Country, Balance) VALUES ('mmacrierie2p@phoca.cz', 'Micheal', 'MacRierie', '1987-10-27', ' ', '12 La Follette Hill', '2840-466', 'Seixal', 'Portugal', 109.34);
INSERT INTO proj.AppUser (Email, Fname, Lname, Birthdate, Sex, Street, Postcode, City, Country, Balance) VALUES ('rdevlin2q@1688.com', 'Roselle', 'Devlin', '1971-04-10', 'F', '4 Old Gate Court', '77260', 'Houston', 'United States', 69.58);
INSERT INTO proj.AppUser (Email, Fname, Lname, Birthdate, Sex, Street, Postcode, City, Country, Balance) VALUES ('smcavey0@unblog.fr', 'Sumner', 'McAvey', '1995-04-10', 'M', '128 Warrior Place', '98000', 'Fontvieille', 'Monaco', 86.8);
INSERT INTO proj.AppUser (Email, Fname, Lname, Birthdate, Sex, Street, Postcode, City, Country, Balance) VALUES ('lconyers1@tamu.edu', 'Lacee', 'Conyers', '1981-02-21', 'F', '554 Fallview Drive', '15103', 'Ait Ali', 'Algeria', 47.84);
GO
;

--Tabela [Publishers]
INSERT INTO proj.Publisher (NIPC, Legal_Name, Street, Postcode, City, Country, Found_Date, IsAllowed) VALUES ('531561295', 'Stanton, Padberg and Haley', '40845 Sunnyside Crossing', 'CH48', 'Wirral', 'United Kingdom', '2016-10-04', '1');
INSERT INTO proj.Publisher (NIPC, Legal_Name, Street, Postcode, City, Country, Found_Date, IsAllowed) VALUES ('262496356', 'Kirlin, Altenwerth and Heidenreich', '7814 Browning Parkway', '9010', 'Brisbane', 'Australia', '2002-09-04', '1');
INSERT INTO proj.Publisher (NIPC, Legal_Name, Street, Postcode, City, Country, Found_Date, IsAllowed) VALUES ('718590525', 'Wolf-Becker', '8 Crownhardt Lane', '78764', 'Austin', 'United States', '1987-03-07', '1');
INSERT INTO proj.Publisher (NIPC, Legal_Name, Street, Postcode, City, Country, Found_Date, IsAllowed) VALUES ('516221301', 'Doyle-Cassin', '6 Barby Center', '964-0944', 'Saku', 'Japan', '1983-03-07', '1');
INSERT INTO proj.Publisher (NIPC, Legal_Name, Street, Postcode, City, Country, Found_Date, IsAllowed) VALUES ('446823285', 'Thiel, Beier and Rowe', '8 Ohio Junction', '08922', 'New Brunswick', 'United States', '2011-08-21', '1');
INSERT INTO proj.Publisher (NIPC, Legal_Name, Street, Postcode, City, Country, Found_Date, IsAllowed) VALUES ('532383894', 'Flatley LLC', '637 Elka Junction', 'DL8', 'Carlton', 'United Kingdom', '2009-11-10', '1');
INSERT INTO proj.Publisher (NIPC, Legal_Name, Street, Postcode, City, Country, Found_Date, IsAllowed) VALUES ('392464610', 'Cummings Group', '331 Westerfield Park', '622970', 'Visim', 'Russia', '2017-09-14', '0');
INSERT INTO proj.Publisher (NIPC, Legal_Name, Street, Postcode, City, Country, Found_Date, IsAllowed) VALUES ('649088570', 'Stoltenberg-Vandervort', '5496 Bluejay Parkway', '473-0938', 'Anjo', 'Japan', '2013-08-15', '1');
INSERT INTO proj.Publisher (NIPC, Legal_Name, Street, Postcode, City, Country, Found_Date, IsAllowed) VALUES ('915573914', 'Purdy, Batz and Kulas', '5158 Vidon Drive', 'L33', 'Liverpool', 'United Kingdom', '1970-07-16', '1');
INSERT INTO proj.Publisher (NIPC, Legal_Name, Street, Postcode, City, Country, Found_Date, IsAllowed) VALUES ('668142917', 'Leuschke-Mraz', '44 Fair Oaks Center', '14109', 'Berlin', 'Germany', '2010-05-15', '1');
GO
;

--Tabela [Software]
INSERT INTO proj.Software (Official_Name, Release_Date, Class, Publisher_NIPC) VALUES ('Lotstring', '2014-08-05', 'T', '262496356');
INSERT INTO proj.Software (Official_Name, Release_Date, Class, Publisher_NIPC) VALUES ('Asoka', '2015-03-06', 'T', '262496356');
INSERT INTO proj.Software (Official_Name, Release_Date, Class, Publisher_NIPC) VALUES ('Fixflex', '2020-03-01', 'G', '262496356');
INSERT INTO proj.Software (Official_Name, Release_Date, Class, Publisher_NIPC) VALUES ('Gembucket', '2019-05-13', 'T', '262496356');
INSERT INTO proj.Software (Official_Name, Release_Date, Class, Publisher_NIPC) VALUES ('Transcof', '2006-01-12', 'G', '262496356');
INSERT INTO proj.Software (Official_Name, Release_Date, Class, Publisher_NIPC) VALUES ('Hatity', '2004-05-16', 'G', '262496356');
INSERT INTO proj.Software (Official_Name, Release_Date, Class, Publisher_NIPC) VALUES ('Tampflex', '2008-03-04', 'T', '262496356');

INSERT INTO proj.Software (Official_Name, Release_Date, Class, Publisher_NIPC) VALUES ('Duobam', '2013-04-14', 'T', '668142917');
INSERT INTO proj.Software (Official_Name, Release_Date, Class, Publisher_NIPC) VALUES ('Domainer', '2019-06-28', 'G', '668142917');
INSERT INTO proj.Software (Official_Name, Release_Date, Class, Publisher_NIPC) VALUES ('Subin', '2013-04-06', 'T', '668142917');
INSERT INTO proj.Software (Official_Name, Release_Date, Class, Publisher_NIPC) VALUES ('Aerified', '2017-10-25', 'T', '668142917');

INSERT INTO proj.Software (Official_Name, Release_Date, Class, Publisher_NIPC) VALUES ('Alpha', '2019-10-12', 'G', '649088570');
INSERT INTO proj.Software (Official_Name, Release_Date, Class, Publisher_NIPC) VALUES ('Keylex', '2014-03-08', 'G', '649088570');
INSERT INTO proj.Software (Official_Name, Release_Date, Class, Publisher_NIPC) VALUES ('Treeflex', '2018-04-27', 'T', '649088570');
INSERT INTO proj.Software (Official_Name, Release_Date, Class, Publisher_NIPC) VALUES ('Span', '2017-03-03', 'G', '649088570');

INSERT INTO proj.Software (Official_Name, Release_Date, Class, Publisher_NIPC) VALUES ('Veribet', '1984-10-29', 'T', '516221301');
INSERT INTO proj.Software (Official_Name, Release_Date, Class, Publisher_NIPC) VALUES ('Bytecard', '2010-05-26', 'T', '516221301');
INSERT INTO proj.Software (Official_Name, Release_Date, Class, Publisher_NIPC) VALUES ('Konklux', '2000-05-13', 'T', '516221301');
INSERT INTO proj.Software (Official_Name, Release_Date, Class, Publisher_NIPC) VALUES ('Job', '2001-10-13', 'G', '516221301');
INSERT INTO proj.Software (Official_Name, Release_Date, Class, Publisher_NIPC) VALUES ('Latlux', '1989-06-03', 'G', '516221301');
INSERT INTO proj.Software (Official_Name, Release_Date, Class, Publisher_NIPC) VALUES ('Home Ing', '1994-01-23', 'T', '516221301');
INSERT INTO proj.Software (Official_Name, Release_Date, Class, Publisher_NIPC) VALUES ('Andalax', '2007-01-14', 'T', '516221301');
INSERT INTO proj.Software (Official_Name, Release_Date, Class, Publisher_NIPC) VALUES ('Sub-Ex', '1999-06-17', 'G', '516221301');
INSERT INTO proj.Software (Official_Name, Release_Date, Class, Publisher_NIPC) VALUES ('Sub-Filler', '2017-03-15', 'T', '516221301');
INSERT INTO proj.Software (Official_Name, Release_Date, Class, Publisher_NIPC) VALUES ('Flexidy', '2020-08-28', 'G', '516221301');
INSERT INTO proj.Software (Official_Name, Release_Date, Class, Publisher_NIPC) VALUES ('Mat Lam Tam', '1995-12-06', 'G', '516221301');
INSERT INTO proj.Software (Official_Name, Release_Date, Class, Publisher_NIPC) VALUES ('Cookley', '2019-11-04', 'T', '516221301');

INSERT INTO proj.Software (Official_Name, Release_Date, Class, Publisher_NIPC) VALUES ('Y-Solowarm', '2019-03-04', 'T', '392464610');
INSERT INTO proj.Software (Official_Name, Release_Date, Class, Publisher_NIPC) VALUES ('Box-Close', '2017-12-03', 'T', '392464610');
INSERT INTO proj.Software (Official_Name, Release_Date, Class, Publisher_NIPC) VALUES ('Pannier', '2017-12-18', 'G', '392464610');
INSERT INTO proj.Software (Official_Name, Release_Date, Class, Publisher_NIPC) VALUES ('Solarbreeze', '2018-08-28', 'T', '392464610');

INSERT INTO proj.Software (Official_Name, Release_Date, Class, Publisher_NIPC) VALUES ('Photo Shower', '2013-03-21', 'G', '532383894');
INSERT INTO proj.Software (Official_Name, Release_Date, Class, Publisher_NIPC) VALUES ('Zathin', '2020-06-17', 'G', '532383894');
INSERT INTO proj.Software (Official_Name, Release_Date, Class, Publisher_NIPC) VALUES ('Wrapsafe', '2015-10-26', 'T', '532383894');
INSERT INTO proj.Software (Official_Name, Release_Date, Class, Publisher_NIPC) VALUES ('Mistolen', '2013-04-18', 'T', '532383894');
INSERT INTO proj.Software (Official_Name, Release_Date, Class, Publisher_NIPC) VALUES ('Zontrax', '2018-01-30', 'T', '532383894');
INSERT INTO proj.Software (Official_Name, Release_Date, Class, Publisher_NIPC) VALUES ('Opela', '2018-06-05', 'G', '532383894');
INSERT INTO proj.Software (Official_Name, Release_Date, Class, Publisher_NIPC) VALUES ('Screen Safe', '2010-02-21', 'G', '532383894');

INSERT INTO proj.Software (Official_Name, Release_Date, Class, Publisher_NIPC) VALUES ('Tin', '1986-12-25', 'G', '915573914');
INSERT INTO proj.Software (Official_Name, Release_Date, Class, Publisher_NIPC) VALUES ('Phone Caller', '1975-06-29', 'G', '915573914');
INSERT INTO proj.Software (Official_Name, Release_Date, Class, Publisher_NIPC) VALUES ('Sonair', '1972-02-02', 'G', '915573914');
INSERT INTO proj.Software (Official_Name, Release_Date, Class, Publisher_NIPC) VALUES ('Flowlub', '1996-05-22', 'G', '915573914');
INSERT INTO proj.Software (Official_Name, Release_Date, Class, Publisher_NIPC) VALUES ('Lotlux', '1991-03-09', 'T', '915573914');
INSERT INTO proj.Software (Official_Name, Release_Date, Class, Publisher_NIPC) VALUES ('Bamity', '1975-10-11', 'T', '915573914');
INSERT INTO proj.Software (Official_Name, Release_Date, Class, Publisher_NIPC) VALUES ('Biodex', '2004-11-27', 'T', '915573914');
INSERT INTO proj.Software (Official_Name, Release_Date, Class, Publisher_NIPC) VALUES ('Key Log', '2014-08-23', 'T', '915573914');
INSERT INTO proj.Software (Official_Name, Release_Date, Class, Publisher_NIPC) VALUES ('Cardguard', '1982-10-09', 'T', '915573914');
INSERT INTO proj.Software (Official_Name, Release_Date, Class, Publisher_NIPC) VALUES ('Ping On', '1982-04-03', 'G', '915573914');
INSERT INTO proj.Software (Official_Name, Release_Date, Class, Publisher_NIPC) VALUES ('Bitchip', '1992-06-10', 'G', '915573914');
INSERT INTO proj.Software (Official_Name, Release_Date, Class, Publisher_NIPC) VALUES ('Overhold', '1992-06-16', 'T', '915573914');

INSERT INTO proj.Software (Official_Name, Release_Date, Class, Publisher_NIPC) VALUES ('Mouse Tap', '2001-08-18', 'T', '718590525');
INSERT INTO proj.Software (Official_Name, Release_Date, Class, Publisher_NIPC) VALUES ('Vagram', '2020-06-05', 'T', '718590525');
INSERT INTO proj.Software (Official_Name, Release_Date, Class, Publisher_NIPC) VALUES ('Wordder', '2015-04-08', 'G', '718590525');
INSERT INTO proj.Software (Official_Name, Release_Date, Class, Publisher_NIPC) VALUES ('Stopify', '2012-12-01', 'G', '718590525');
INSERT INTO proj.Software (Official_Name, Release_Date, Class, Publisher_NIPC) VALUES ('Alphazap', '2018-03-09', 'G', '718590525');
INSERT INTO proj.Software (Official_Name, Release_Date, Class, Publisher_NIPC) VALUES ('Samsun', '1999-05-30', 'G', '718590525');
INSERT INTO proj.Software (Official_Name, Release_Date, Class, Publisher_NIPC) VALUES ('EarInner', '1992-08-20', 'T', '718590525');
INSERT INTO proj.Software (Official_Name, Release_Date, Class, Publisher_NIPC) VALUES ('Sonsing', '1998-07-13', 'T', '718590525');
INSERT INTO proj.Software (Official_Name, Release_Date, Class, Publisher_NIPC) VALUES ('Zoolab', '2005-07-06', 'G', '718590525');
INSERT INTO proj.Software (Official_Name, Release_Date, Class, Publisher_NIPC) VALUES ('Tempsoft', '2011-10-08', 'T', '718590525');
INSERT INTO proj.Software (Official_Name, Release_Date, Class, Publisher_NIPC) VALUES ('Stronghold', '2005-01-05', 'G', '718590525');
INSERT INTO proj.Software (Official_Name, Release_Date, Class, Publisher_NIPC) VALUES ('Rank', '1989-03-14', 'T', '718590525');

INSERT INTO proj.Software (Official_Name, Release_Date, Class, Publisher_NIPC) VALUES ('Toast Go', '2017-08-09', 'G', '446823285');
INSERT INTO proj.Software (Official_Name, Release_Date, Class, Publisher_NIPC) VALUES ('Jobber', '2019-03-25', 'T', '446823285');
INSERT INTO proj.Software (Official_Name, Release_Date, Class, Publisher_NIPC) VALUES ('Rock Art', '2013-09-16', 'T', '446823285');
INSERT INTO proj.Software (Official_Name, Release_Date, Class, Publisher_NIPC) VALUES ('Base Pad', '2016-08-07', 'G', '446823285');
GO
;

--Table [Tool]
INSERT INTO proj.Tool (Software_ID, Current_Version, Brief_Description) VALUES (1, '1.8.9', 'molestie hendrerit at vulputate vitae nisl aenean lectus pellentesque eget nunc donec quis orci eget orci vehicula condimentum curabitur in');
INSERT INTO proj.Tool (Software_ID, Current_Version, Brief_Description) VALUES (2, '0.9.5', '');
INSERT INTO proj.Tool (Software_ID, Current_Version, Brief_Description) VALUES (4, '5.1.0', 'tristique fusce congue diam id ornare imperdiet sapien urna pretium nisl ut volutpat sapien arcu sed augue aliquam');
INSERT INTO proj.Tool (Software_ID, Current_Version, Brief_Description) VALUES (7, '9.9.5', 'rutrum rutrum neque aenean auctor gravida sem praesent id massa id nisl venenatis lacinia aenean sit amet');
INSERT INTO proj.Tool (Software_ID, Current_Version, Brief_Description) VALUES (8, '0.5.4', 'erat volutpat in congue etiam justo etiam pretium iaculis justo in hac habitasse platea dictumst etiam faucibus cursus urna ut tellus ''a ut erat id mauris vulputate elementum ''am');
INSERT INTO proj.Tool (Software_ID, Current_Version, Brief_Description) VALUES (10, '9.4.4', 'quis orci ''am molestie nibh in lectus pellentesque at ''a suspendisse potenti cras in purus eu magna vulputate');
INSERT INTO proj.Tool (Software_ID, Current_Version, Brief_Description) VALUES (11, '1.3.3', 'donec posuere metus vitae ipsum aliquam non mauris morbi non lectus aliquam sit amet diam in magna bibendum imperdiet ''am orci pede venenatis non sodales sed tincidunt eu felis fusce');
INSERT INTO proj.Tool (Software_ID, Current_Version, Brief_Description) VALUES (14, 'BETA', '');
INSERT INTO proj.Tool (Software_ID, Current_Version, Brief_Description) VALUES (16, '0.3.4', 'in felis donec semper sapien a libero nam dui proin');
INSERT INTO proj.Tool (Software_ID, Current_Version, Brief_Description) VALUES (17, '0.7.9', 'auctor sed tristique in tempus sit amet sem fusce consequat ''a nisl nunc nisl duis bibendum felis sed interdum venenatis turpis enim');
INSERT INTO proj.Tool (Software_ID, Current_Version, Brief_Description) VALUES (18, 'BETA', 'eros viverra eget congue eget semper rutrum ''a nunc purus phasellus in felis donec semper sapien a libero nam dui proin leo odio porttitor id consequat in consequat ut');
INSERT INTO proj.Tool (Software_ID, Current_Version, Brief_Description) VALUES (21, '0.5.6', 'sem duis aliquam convallis nunc proin at turpis a pede posuere nonummy');
INSERT INTO proj.Tool (Software_ID, Current_Version, Brief_Description) VALUES (22, 'BETA', 'leo odio porttitor id consequat in consequat ut ''a sed accumsan felis ut at dolor');
INSERT INTO proj.Tool (Software_ID, Current_Version, Brief_Description) VALUES (24, '0.1.0', 'platea dictumst etiam faucibus cursus urna ut tellus ''a ut erat');
INSERT INTO proj.Tool (Software_ID, Current_Version, Brief_Description) VALUES (27, '9.7.5', 'non mattis pulvinar ''a pede ullamcorper augue a suscipit ''a elit ac ''a sed vel enim sit amet');
INSERT INTO proj.Tool (Software_ID, Current_Version, Brief_Description) VALUES (28, 'BETA', 'libero quis orci ''am molestie nibh in lectus pellentesque at ''a suspendisse potenti cras in purus eu magna vulputate luctus cum sociis natoque penatibus et magnis dis parturient');
INSERT INTO proj.Tool (Software_ID, Current_Version, Brief_Description) VALUES (29, '0.4.2', 'ultrices posuere cubilia curae mauris viverra diam vitae quam suspendisse potenti');
INSERT INTO proj.Tool (Software_ID, Current_Version, Brief_Description) VALUES (31, '0.5.1', 'vitae ipsum aliquam non mauris morbi non lectus aliquam sit amet diam in magna bibendum imperdiet ''am orci pede venenatis non sodales sed tincidunt eu felis fusce posuere felis sed');
INSERT INTO proj.Tool (Software_ID, Current_Version, Brief_Description) VALUES (34, '6.2.5', 'morbi non lectus aliquam sit amet diam in magna bibendum');
INSERT INTO proj.Tool (Software_ID, Current_Version, Brief_Description) VALUES (35, '8.8.3', 'semper sapien a libero nam dui proin leo odio porttitor id consequat in consequat ut ''a sed accumsan felis ut at dolor quis odio consequat varius integer ac leo pellentesque');
INSERT INTO proj.Tool (Software_ID, Current_Version, Brief_Description) VALUES (36, '0.1.9', 'non velit nec nisi vulputate nonummy maecenas tincidunt lacus at velit vivamus vel ''a eget eros elementum pellentesque quisque');
INSERT INTO proj.Tool (Software_ID, Current_Version, Brief_Description) VALUES (43, '9.5.4', 'quis libero ''am sit amet turpis elementum ligula vehicula consequat morbi a ipsum integer a nibh in quis justo');
INSERT INTO proj.Tool (Software_ID, Current_Version, Brief_Description) VALUES (44, '0.8.7', 'ipsum aliquam non mauris morbi non lectus aliquam sit amet diam in magna bibendum imperdiet ''am orci pede venenatis');
INSERT INTO proj.Tool (Software_ID, Current_Version, Brief_Description) VALUES (45, '9.8.2', 'sit amet nunc viverra dapibus ''a suscipit ligula in lacus curabitur at ipsum ac tellus semper interdum mauris ullamcorper purus sit amet ''a quisque arcu libero rutrum ac');
INSERT INTO proj.Tool (Software_ID, Current_Version, Brief_Description) VALUES (46, 'BETA', '');
INSERT INTO proj.Tool (Software_ID, Current_Version, Brief_Description) VALUES (47, '0.7.0', 'quis turpis eget elit sodales scelerisque mauris sit amet eros suspendisse accumsan tortor quis turpis sed ante vivamus tortor duis mattis egestas metus aenean fermentum donec ut mauris eget');
INSERT INTO proj.Tool (Software_ID, Current_Version, Brief_Description) VALUES (50, '0.2.7', 'orci ''am molestie nibh in lectus pellentesque at ''a suspendisse potenti cras in purus eu magna');
INSERT INTO proj.Tool (Software_ID, Current_Version, Brief_Description) VALUES (51, '0.3.0', 'etiam faucibus cursus urna ut tellus ''a ut erat id mauris vulputate elementum ''am varius ''a facilisi cras non velit nec nisi vulputate');
INSERT INTO proj.Tool (Software_ID, Current_Version, Brief_Description) VALUES (52, '7.8.3', 'justo nec condimentum neque sapien placerat ante ''a justo aliquam quis turpis eget elit sodales scelerisque mauris sit amet eros suspendisse accumsan tortor quis turpis sed ante vivamus tortor duis');
INSERT INTO proj.Tool (Software_ID, Current_Version, Brief_Description) VALUES (57, '5.2.3', 'aliquet pulvinar sed nisl nunc rhoncus dui vel sem sed sagittis nam congue risus');
INSERT INTO proj.Tool (Software_ID, Current_Version, Brief_Description) VALUES (58, '5.1.3', 'in felis eu sapien cursus vestibulum proin eu mi ''a');
INSERT INTO proj.Tool (Software_ID, Current_Version, Brief_Description) VALUES (60, '8.1.2', 'nibh in quis justo maecenas rhoncus aliquam lacus morbi quis tortor id ''a ultrices aliquet maecenas leo odio condimentum id luctus nec molestie sed justo pellentesque viverra pede ac');
INSERT INTO proj.Tool (Software_ID, Current_Version, Brief_Description) VALUES (62, '0.5.2', 'rutrum rutrum neque aenean auctor gravida sem praesent id massa id nisl venenatis lacinia aenean sit amet justo morbi ut odio cras mi pede malesuada in imperdiet et commodo vulputate');
INSERT INTO proj.Tool (Software_ID, Current_Version, Brief_Description) VALUES (64, '3.1.7', 'tincidunt eget tempus vel pede morbi porttitor lorem id ligula suspendisse ornare consequat lectus in est risus auctor sed tristique in tempus sit amet sem fusce consequat');
INSERT INTO proj.Tool (Software_ID, Current_Version, Brief_Description) VALUES (65, '4.6.9', 'iaculis congue vivamus metus arcu adipiscing molestie hendrerit at vulputate vitae nisl aenean lectus pellentesque eget nunc donec quis orci eget orci vehicula');
GO
;

--Table [Game]
INSERT INTO proj.Game (Software_ID, Age_Rating, Brief_Description) VALUES (3, 'T', '');
INSERT INTO proj.Game (Software_ID, Age_Rating, Brief_Description) VALUES (5, 'A', 'aliquam quis turpis eget elit sodales scelerisque mauris sit amet eros suspendisse accumsan');
INSERT INTO proj.Game (Software_ID, Age_Rating, Brief_Description) VALUES (6, 'T', 'id consequat in consequat ut ''a sed accumsan felis ut at dolor quis odio consequat varius integer ac leo pellentesque');
INSERT INTO proj.Game (Software_ID, Age_Rating, Brief_Description) VALUES (9, 'A', 'magna at nunc commodo placerat praesent blandit nam ''a integer pede justo lacinia eget tincidunt eget tempus');
INSERT INTO proj.Game (Software_ID, Age_Rating, Brief_Description) VALUES (12, 'M', 'elit proin risus praesent lectus vestibulum quam sapien varius ut blandit non interdum in ante vestibulum ante ipsum primis in faucibus orci luctus et');
INSERT INTO proj.Game (Software_ID, Age_Rating, Brief_Description) VALUES (13, 'Non-Rated', 'sociis natoque penatibus et magnis dis parturient montes nascetur ridiculus mus etiam vel augue');
INSERT INTO proj.Game (Software_ID, Age_Rating, Brief_Description) VALUES (15, 'M', 'nibh ligula nec sem duis aliquam convallis nunc proin at turpis');
INSERT INTO proj.Game (Software_ID, Age_Rating, Brief_Description) VALUES (19, 'E', 'blandit ultrices enim lorem ipsum dolor sit amet consectetuer adipiscing elit');
INSERT INTO proj.Game (Software_ID, Age_Rating, Brief_Description) VALUES (20, 'Non-Rated', 'nisl duis ac nibh fusce lacus purus aliquet at feugiat non pretium quis lectus suspendisse potenti in eleifend quam');
INSERT INTO proj.Game (Software_ID, Age_Rating, Brief_Description) VALUES (23, 'E', 'ultrices vel augue vestibulum ante ipsum primis in faucibus orci luctus et ultrices posuere cubilia curae donec pharetra magna');
INSERT INTO proj.Game (Software_ID, Age_Rating, Brief_Description) VALUES (25, 'E', 'a eget eros elementum pellentesque quisque porta volutpat erat quisque erat eros viverra eget congue eget semper rutrum ''a nunc purus phasellus in felis donec semper sapien');
INSERT INTO proj.Game (Software_ID, Age_Rating, Brief_Description) VALUES (26, 'A', '');
INSERT INTO proj.Game (Software_ID, Age_Rating, Brief_Description) VALUES (30, 'M', '');
INSERT INTO proj.Game (Software_ID, Age_Rating, Brief_Description) VALUES (32, 'T', 'accumsan odio curabitur convallis duis consequat dui nec nisi volutpat eleifend donec ut dolor');
INSERT INTO proj.Game (Software_ID, Age_Rating, Brief_Description) VALUES (33, 'T', 'elit sodales scelerisque mauris sit amet eros suspendisse accumsan tortor quis turpis sed ante vivamus tortor duis mattis egestas metus aenean fermentum');
INSERT INTO proj.Game (Software_ID, Age_Rating, Brief_Description) VALUES (37, 'T', 'suspendisse potenti ''am porttitor lacus at turpis donec posuere metus vitae ipsum aliquam non mauris morbi non lectus aliquam sit amet diam in magna bibendum imperdiet ''am orci pede');
INSERT INTO proj.Game (Software_ID, Age_Rating, Brief_Description) VALUES (38, 'T', 'mauris laoreet ut rhoncus aliquet pulvinar sed nisl nunc rhoncus');
INSERT INTO proj.Game (Software_ID, Age_Rating, Brief_Description) VALUES (39, 'E', 'ante ''a justo aliquam quis turpis eget elit sodales scelerisque mauris sit amet eros suspendisse accumsan tortor quis turpis sed ante vivamus tortor duis mattis egestas metus');
INSERT INTO proj.Game (Software_ID, Age_Rating, Brief_Description) VALUES (40, 'E', 'eu nibh quisque id justo sit amet sapien dignissim vestibulum vestibulum ante ipsum primis in faucibus orci luctus et ultrices posuere cubilia curae ''a dapibus dolor vel est donec odio');
INSERT INTO proj.Game (Software_ID, Age_Rating, Brief_Description) VALUES (41, 'A', 'leo odio porttitor id consequat in consequat ut ''a sed accumsan felis ut at dolor quis odio consequat varius integer ac leo pellentesque ultrices mattis');
INSERT INTO proj.Game (Software_ID, Age_Rating, Brief_Description) VALUES (42, 'M', 'elit proin risus praesent lectus vestibulum quam sapien varius ut blandit non interdum in ante vestibulum ante ipsum primis in faucibus');
INSERT INTO proj.Game (Software_ID, Age_Rating, Brief_Description) VALUES (48, 'E', 'purus aliquet at feugiat non pretium quis lectus suspendisse potenti in eleifend quam a odio in hac habitasse platea dictumst maecenas ut massa quis augue luctus tincidunt ''a mollis molestie');
INSERT INTO proj.Game (Software_ID, Age_Rating, Brief_Description) VALUES (49, 'T', 'quisque ut erat curabitur gravida nisi at nibh in hac habitasse platea dictumst aliquam augue');
INSERT INTO proj.Game (Software_ID, Age_Rating, Brief_Description) VALUES (53, 'E', 'cras pellentesque volutpat dui maecenas tristique est et tempus semper est quam pharetra magna');
INSERT INTO proj.Game (Software_ID, Age_Rating, Brief_Description) VALUES (54, 'E', 'proin risus praesent lectus vestibulum quam sapien varius ut blandit non interdum in ante vestibulum ante');
INSERT INTO proj.Game (Software_ID, Age_Rating, Brief_Description) VALUES (55, 'A', 'facilisi cras non velit nec nisi vulputate nonummy maecenas tincidunt lacus at');
INSERT INTO proj.Game (Software_ID, Age_Rating, Brief_Description) VALUES (56, 'T', 'ante ipsum primis in faucibus orci luctus et ultrices posuere cubilia curae donec pharetra magna vestibulum aliquet ultrices erat');
INSERT INTO proj.Game (Software_ID, Age_Rating, Brief_Description) VALUES (59, 'T', 'id justo sit amet sapien dignissim vestibulum vestibulum ante ipsum primis in faucibus orci luctus et ultrices posuere cubilia curae');
INSERT INTO proj.Game (Software_ID, Age_Rating, Brief_Description) VALUES (61, 'T', 'amet consectetuer adipiscing elit proin interdum mauris non ligula pellentesque ultrices phasellus id sapien in sapien');
INSERT INTO proj.Game (Software_ID, Age_Rating, Brief_Description) VALUES (63, 'Non-Rated', 'amet sem fusce consequat ''a nisl nunc nisl duis bibendum felis sed');
INSERT INTO proj.Game (Software_ID, Age_Rating, Brief_Description) VALUES (66, 'T', 'magna at nunc commodo placerat praesent blandit nam ''a integer pede justo lacinia eget tincidunt eget tempus vel pede morbi porttitor');
GO
;

--Tabela [proj.SoftOS]
INSERT INTO proj.SoftOS (Software_ID, Supported_OS) VALUES (1, 'MS-Windows');
INSERT INTO proj.SoftOS (Software_ID, Supported_OS) VALUES (2, 'MS-Windows');
INSERT INTO proj.SoftOS (Software_ID, Supported_OS) VALUES (3, 'MS-Windows');
INSERT INTO proj.SoftOS (Software_ID, Supported_OS) VALUES (4, 'MS-Windows');
INSERT INTO proj.SoftOS (Software_ID, Supported_OS) VALUES (5, 'MS-Windows');
INSERT INTO proj.SoftOS (Software_ID, Supported_OS) VALUES (6, 'MS-Windows');
INSERT INTO proj.SoftOS (Software_ID, Supported_OS) VALUES (7, 'MS-Windows');
INSERT INTO proj.SoftOS (Software_ID, Supported_OS) VALUES (8, 'MS-Windows');
INSERT INTO proj.SoftOS (Software_ID, Supported_OS) VALUES (9, 'MS-Windows');
INSERT INTO proj.SoftOS (Software_ID, Supported_OS) VALUES (10, 'MS-Windows');
INSERT INTO proj.SoftOS (Software_ID, Supported_OS) VALUES (11, 'MS-Windows');
INSERT INTO proj.SoftOS (Software_ID, Supported_OS) VALUES (12, 'MS-Windows');
INSERT INTO proj.SoftOS (Software_ID, Supported_OS) VALUES (14, 'MS-Windows');
INSERT INTO proj.SoftOS (Software_ID, Supported_OS) VALUES (15, 'MS-Windows');
INSERT INTO proj.SoftOS (Software_ID, Supported_OS) VALUES (16, 'MS-Windows');
INSERT INTO proj.SoftOS (Software_ID, Supported_OS) VALUES (17, 'MS-Windows');
INSERT INTO proj.SoftOS (Software_ID, Supported_OS) VALUES (19, 'MS-Windows');
INSERT INTO proj.SoftOS (Software_ID, Supported_OS) VALUES (20, 'MS-Windows');
INSERT INTO proj.SoftOS (Software_ID, Supported_OS) VALUES (21, 'MS-Windows');
INSERT INTO proj.SoftOS (Software_ID, Supported_OS) VALUES (22, 'MS-Windows');
INSERT INTO proj.SoftOS (Software_ID, Supported_OS) VALUES (23, 'MS-Windows');
INSERT INTO proj.SoftOS (Software_ID, Supported_OS) VALUES (24, 'MS-Windows');
INSERT INTO proj.SoftOS (Software_ID, Supported_OS) VALUES (25, 'MS-Windows');
INSERT INTO proj.SoftOS (Software_ID, Supported_OS) VALUES (26, 'MS-Windows');
INSERT INTO proj.SoftOS (Software_ID, Supported_OS) VALUES (27, 'MS-Windows');
INSERT INTO proj.SoftOS (Software_ID, Supported_OS) VALUES (28, 'MS-Windows');
INSERT INTO proj.SoftOS (Software_ID, Supported_OS) VALUES (29, 'MS-Windows');
INSERT INTO proj.SoftOS (Software_ID, Supported_OS) VALUES (30, 'MS-Windows');
INSERT INTO proj.SoftOS (Software_ID, Supported_OS) VALUES (31, 'MS-Windows');
INSERT INTO proj.SoftOS (Software_ID, Supported_OS) VALUES (32, 'MS-Windows');
INSERT INTO proj.SoftOS (Software_ID, Supported_OS) VALUES (33, 'MS-Windows');
INSERT INTO proj.SoftOS (Software_ID, Supported_OS) VALUES (34, 'MS-Windows');
INSERT INTO proj.SoftOS (Software_ID, Supported_OS) VALUES (35, 'MS-Windows');
INSERT INTO proj.SoftOS (Software_ID, Supported_OS) VALUES (36, 'MS-Windows');
INSERT INTO proj.SoftOS (Software_ID, Supported_OS) VALUES (37, 'MS-Windows');
INSERT INTO proj.SoftOS (Software_ID, Supported_OS) VALUES (38, 'MS-Windows');
INSERT INTO proj.SoftOS (Software_ID, Supported_OS) VALUES (40, 'MS-Windows');
INSERT INTO proj.SoftOS (Software_ID, Supported_OS) VALUES (41, 'MS-Windows');
INSERT INTO proj.SoftOS (Software_ID, Supported_OS) VALUES (42, 'MS-Windows');
INSERT INTO proj.SoftOS (Software_ID, Supported_OS) VALUES (43, 'MS-Windows');
INSERT INTO proj.SoftOS (Software_ID, Supported_OS) VALUES (44, 'MS-Windows');
INSERT INTO proj.SoftOS (Software_ID, Supported_OS) VALUES (45, 'MS-Windows');
INSERT INTO proj.SoftOS (Software_ID, Supported_OS) VALUES (47, 'MS-Windows');
INSERT INTO proj.SoftOS (Software_ID, Supported_OS) VALUES (48, 'MS-Windows');
INSERT INTO proj.SoftOS (Software_ID, Supported_OS) VALUES (49, 'MS-Windows');
INSERT INTO proj.SoftOS (Software_ID, Supported_OS) VALUES (50, 'MS-Windows');
INSERT INTO proj.SoftOS (Software_ID, Supported_OS) VALUES (51, 'MS-Windows');
INSERT INTO proj.SoftOS (Software_ID, Supported_OS) VALUES (52, 'MS-Windows');
INSERT INTO proj.SoftOS (Software_ID, Supported_OS) VALUES (53, 'MS-Windows');
INSERT INTO proj.SoftOS (Software_ID, Supported_OS) VALUES (54, 'MS-Windows');
INSERT INTO proj.SoftOS (Software_ID, Supported_OS) VALUES (55, 'MS-Windows');
INSERT INTO proj.SoftOS (Software_ID, Supported_OS) VALUES (56, 'MS-Windows');
INSERT INTO proj.SoftOS (Software_ID, Supported_OS) VALUES (57, 'MS-Windows');
INSERT INTO proj.SoftOS (Software_ID, Supported_OS) VALUES (59, 'MS-Windows');
INSERT INTO proj.SoftOS (Software_ID, Supported_OS) VALUES (60, 'MS-Windows');
INSERT INTO proj.SoftOS (Software_ID, Supported_OS) VALUES (61, 'MS-Windows');
INSERT INTO proj.SoftOS (Software_ID, Supported_OS) VALUES (63, 'MS-Windows');
INSERT INTO proj.SoftOS (Software_ID, Supported_OS) VALUES (64, 'MS-Windows');
INSERT INTO proj.SoftOS (Software_ID, Supported_OS) VALUES (65, 'MS-Windows');
INSERT INTO proj.SoftOS (Software_ID, Supported_OS) VALUES (66, 'MS-Windows');

INSERT INTO proj.SoftOS (Software_ID, Supported_OS) VALUES (1, 'Mac OS');
INSERT INTO proj.SoftOS (Software_ID, Supported_OS) VALUES (2, 'Mac OS');
INSERT INTO proj.SoftOS (Software_ID, Supported_OS) VALUES (3, 'Mac OS');
INSERT INTO proj.SoftOS (Software_ID, Supported_OS) VALUES (5, 'Mac OS');
INSERT INTO proj.SoftOS (Software_ID, Supported_OS) VALUES (6, 'Mac OS');
INSERT INTO proj.SoftOS (Software_ID, Supported_OS) VALUES (10, 'Mac OS');
INSERT INTO proj.SoftOS (Software_ID, Supported_OS) VALUES (12, 'Mac OS');
INSERT INTO proj.SoftOS (Software_ID, Supported_OS) VALUES (13, 'Mac OS');
INSERT INTO proj.SoftOS (Software_ID, Supported_OS) VALUES (14, 'Mac OS');
INSERT INTO proj.SoftOS (Software_ID, Supported_OS) VALUES (15, 'Mac OS');
INSERT INTO proj.SoftOS (Software_ID, Supported_OS) VALUES (16, 'Mac OS');
INSERT INTO proj.SoftOS (Software_ID, Supported_OS) VALUES (17, 'Mac OS');
INSERT INTO proj.SoftOS (Software_ID, Supported_OS) VALUES (18, 'Mac OS');
INSERT INTO proj.SoftOS (Software_ID, Supported_OS) VALUES (19, 'Mac OS');
INSERT INTO proj.SoftOS (Software_ID, Supported_OS) VALUES (20, 'Mac OS');
INSERT INTO proj.SoftOS (Software_ID, Supported_OS) VALUES (21, 'Mac OS');
INSERT INTO proj.SoftOS (Software_ID, Supported_OS) VALUES (22, 'Mac OS');
INSERT INTO proj.SoftOS (Software_ID, Supported_OS) VALUES (23, 'Mac OS');
INSERT INTO proj.SoftOS (Software_ID, Supported_OS) VALUES (24, 'Mac OS');
INSERT INTO proj.SoftOS (Software_ID, Supported_OS) VALUES (25, 'Mac OS');
INSERT INTO proj.SoftOS (Software_ID, Supported_OS) VALUES (26, 'Mac OS');
INSERT INTO proj.SoftOS (Software_ID, Supported_OS) VALUES (27, 'Mac OS');
INSERT INTO proj.SoftOS (Software_ID, Supported_OS) VALUES (28, 'Mac OS');
INSERT INTO proj.SoftOS (Software_ID, Supported_OS) VALUES (29, 'Mac OS');
INSERT INTO proj.SoftOS (Software_ID, Supported_OS) VALUES (30, 'Mac OS');
INSERT INTO proj.SoftOS (Software_ID, Supported_OS) VALUES (31, 'Mac OS');
INSERT INTO proj.SoftOS (Software_ID, Supported_OS) VALUES (32, 'Mac OS');
INSERT INTO proj.SoftOS (Software_ID, Supported_OS) VALUES (33, 'Mac OS');
INSERT INTO proj.SoftOS (Software_ID, Supported_OS) VALUES (34, 'Mac OS');
INSERT INTO proj.SoftOS (Software_ID, Supported_OS) VALUES (35, 'Mac OS');
INSERT INTO proj.SoftOS (Software_ID, Supported_OS) VALUES (37, 'Mac OS');
INSERT INTO proj.SoftOS (Software_ID, Supported_OS) VALUES (39, 'Mac OS');
INSERT INTO proj.SoftOS (Software_ID, Supported_OS) VALUES (41, 'Mac OS');
INSERT INTO proj.SoftOS (Software_ID, Supported_OS) VALUES (43, 'Mac OS');
INSERT INTO proj.SoftOS (Software_ID, Supported_OS) VALUES (45, 'Mac OS');
INSERT INTO proj.SoftOS (Software_ID, Supported_OS) VALUES (46, 'Mac OS');
INSERT INTO proj.SoftOS (Software_ID, Supported_OS) VALUES (47, 'Mac OS');
INSERT INTO proj.SoftOS (Software_ID, Supported_OS) VALUES (49, 'Mac OS');
INSERT INTO proj.SoftOS (Software_ID, Supported_OS) VALUES (50, 'Mac OS');
INSERT INTO proj.SoftOS (Software_ID, Supported_OS) VALUES (53, 'Mac OS');
INSERT INTO proj.SoftOS (Software_ID, Supported_OS) VALUES (56, 'Mac OS');
INSERT INTO proj.SoftOS (Software_ID, Supported_OS) VALUES (57, 'Mac OS');
INSERT INTO proj.SoftOS (Software_ID, Supported_OS) VALUES (59, 'Mac OS');
INSERT INTO proj.SoftOS (Software_ID, Supported_OS) VALUES (60, 'Mac OS');
INSERT INTO proj.SoftOS (Software_ID, Supported_OS) VALUES (61, 'Mac OS');
INSERT INTO proj.SoftOS (Software_ID, Supported_OS) VALUES (62, 'Mac OS');
INSERT INTO proj.SoftOS (Software_ID, Supported_OS) VALUES (63, 'Mac OS');
INSERT INTO proj.SoftOS (Software_ID, Supported_OS) VALUES (64, 'Mac OS');
INSERT INTO proj.SoftOS (Software_ID, Supported_OS) VALUES (65, 'Mac OS');
INSERT INTO proj.SoftOS (Software_ID, Supported_OS) VALUES (66, 'Mac OS');

INSERT INTO proj.SoftOS (Software_ID, Supported_OS) VALUES (1, 'Linux');
INSERT INTO proj.SoftOS (Software_ID, Supported_OS) VALUES (2, 'Linux');
INSERT INTO proj.SoftOS (Software_ID, Supported_OS) VALUES (3, 'Linux');
INSERT INTO proj.SoftOS (Software_ID, Supported_OS) VALUES (6, 'Linux');
INSERT INTO proj.SoftOS (Software_ID, Supported_OS) VALUES (8, 'Linux');
INSERT INTO proj.SoftOS (Software_ID, Supported_OS) VALUES (11, 'Linux');
INSERT INTO proj.SoftOS (Software_ID, Supported_OS) VALUES (13, 'Linux');
INSERT INTO proj.SoftOS (Software_ID, Supported_OS) VALUES (14, 'Linux');
INSERT INTO proj.SoftOS (Software_ID, Supported_OS) VALUES (16, 'Linux');
INSERT INTO proj.SoftOS (Software_ID, Supported_OS) VALUES (19, 'Linux');
INSERT INTO proj.SoftOS (Software_ID, Supported_OS) VALUES (20, 'Linux');
INSERT INTO proj.SoftOS (Software_ID, Supported_OS) VALUES (21, 'Linux');
INSERT INTO proj.SoftOS (Software_ID, Supported_OS) VALUES (25, 'Linux');
INSERT INTO proj.SoftOS (Software_ID, Supported_OS) VALUES (26, 'Linux');
INSERT INTO proj.SoftOS (Software_ID, Supported_OS) VALUES (27, 'Linux');
INSERT INTO proj.SoftOS (Software_ID, Supported_OS) VALUES (28, 'Linux');
INSERT INTO proj.SoftOS (Software_ID, Supported_OS) VALUES (29, 'Linux');
INSERT INTO proj.SoftOS (Software_ID, Supported_OS) VALUES (30, 'Linux');
INSERT INTO proj.SoftOS (Software_ID, Supported_OS) VALUES (31, 'Linux');
INSERT INTO proj.SoftOS (Software_ID, Supported_OS) VALUES (35, 'Linux');
INSERT INTO proj.SoftOS (Software_ID, Supported_OS) VALUES (37, 'Linux');
INSERT INTO proj.SoftOS (Software_ID, Supported_OS) VALUES (38, 'Linux');
INSERT INTO proj.SoftOS (Software_ID, Supported_OS) VALUES (40, 'Linux');
INSERT INTO proj.SoftOS (Software_ID, Supported_OS) VALUES (41, 'Linux');
INSERT INTO proj.SoftOS (Software_ID, Supported_OS) VALUES (43, 'Linux');
INSERT INTO proj.SoftOS (Software_ID, Supported_OS) VALUES (47, 'Linux');
INSERT INTO proj.SoftOS (Software_ID, Supported_OS) VALUES (49, 'Linux');
INSERT INTO proj.SoftOS (Software_ID, Supported_OS) VALUES (50, 'Linux');
INSERT INTO proj.SoftOS (Software_ID, Supported_OS) VALUES (51, 'Linux');
INSERT INTO proj.SoftOS (Software_ID, Supported_OS) VALUES (52, 'Linux');
INSERT INTO proj.SoftOS (Software_ID, Supported_OS) VALUES (53, 'Linux');
INSERT INTO proj.SoftOS (Software_ID, Supported_OS) VALUES (56, 'Linux');
INSERT INTO proj.SoftOS (Software_ID, Supported_OS) VALUES (58, 'Linux');
INSERT INTO proj.SoftOS (Software_ID, Supported_OS) VALUES (61, 'Linux');
INSERT INTO proj.SoftOS (Software_ID, Supported_OS) VALUES (63, 'Linux');
INSERT INTO proj.SoftOS (Software_ID, Supported_OS) VALUES (64, 'Linux');
INSERT INTO proj.SoftOS (Software_ID, Supported_OS) VALUES (66, 'Linux');

INSERT INTO proj.SoftOS (Software_ID, Supported_OS) VALUES (3, 'Android');
INSERT INTO proj.SoftOS (Software_ID, Supported_OS) VALUES (5, 'Android');
INSERT INTO proj.SoftOS (Software_ID, Supported_OS) VALUES (8, 'Android');
INSERT INTO proj.SoftOS (Software_ID, Supported_OS) VALUES (12, 'Android');
INSERT INTO proj.SoftOS (Software_ID, Supported_OS) VALUES (16, 'Android');
INSERT INTO proj.SoftOS (Software_ID, Supported_OS) VALUES (18, 'Android');
INSERT INTO proj.SoftOS (Software_ID, Supported_OS) VALUES (33, 'Android');
INSERT INTO proj.SoftOS (Software_ID, Supported_OS) VALUES (39, 'Android');
INSERT INTO proj.SoftOS (Software_ID, Supported_OS) VALUES (40, 'Android');
INSERT INTO proj.SoftOS (Software_ID, Supported_OS) VALUES (41, 'Android');
INSERT INTO proj.SoftOS (Software_ID, Supported_OS) VALUES (45, 'Android');
INSERT INTO proj.SoftOS (Software_ID, Supported_OS) VALUES (46, 'Android');
INSERT INTO proj.SoftOS (Software_ID, Supported_OS) VALUES (49, 'Android');
INSERT INTO proj.SoftOS (Software_ID, Supported_OS) VALUES (51, 'Android');
INSERT INTO proj.SoftOS (Software_ID, Supported_OS) VALUES (52, 'Android');
INSERT INTO proj.SoftOS (Software_ID, Supported_OS) VALUES (58, 'Android');
INSERT INTO proj.SoftOS (Software_ID, Supported_OS) VALUES (63, 'Android');
GO
;

--Tabela [proj.Game_Type]
INSERT INTO proj.Game_Type (Game_ID, Game_Type) VALUES (3, 'RPG');
INSERT INTO proj.Game_Type (Game_ID, Game_Type) VALUES (5, 'Sandbox');
INSERT INTO proj.Game_Type (Game_ID, Game_Type) VALUES (9, 'Shooter');
INSERT INTO proj.Game_Type (Game_ID, Game_Type) VALUES (12, 'MOBA');
INSERT INTO proj.Game_Type (Game_ID, Game_Type) VALUES (13, 'Strategy');
INSERT INTO proj.Game_Type (Game_ID, Game_Type) VALUES (15, 'Puzzle');
INSERT INTO proj.Game_Type (Game_ID, Game_Type) VALUES (20, 'Multiplayer');
INSERT INTO proj.Game_Type (Game_ID, Game_Type) VALUES (23, 'Crime');
INSERT INTO proj.Game_Type (Game_ID, Game_Type) VALUES (25, 'Horror');
INSERT INTO proj.Game_Type (Game_ID, Game_Type) VALUES (26, 'Story');
INSERT INTO proj.Game_Type (Game_ID, Game_Type) VALUES (30, 'Uncategorized');
INSERT INTO proj.Game_Type (Game_ID, Game_Type) VALUES (32, 'RPG');
INSERT INTO proj.Game_Type (Game_ID, Game_Type) VALUES (33, 'Sandbox');
INSERT INTO proj.Game_Type (Game_ID, Game_Type) VALUES (37, 'Sports');
INSERT INTO proj.Game_Type (Game_ID, Game_Type) VALUES (38, 'Shooter');
INSERT INTO proj.Game_Type (Game_ID, Game_Type) VALUES (39, 'MOBA');
INSERT INTO proj.Game_Type (Game_ID, Game_Type) VALUES (40, 'Strategy');
INSERT INTO proj.Game_Type (Game_ID, Game_Type) VALUES (41, 'Puzzle');
INSERT INTO proj.Game_Type (Game_ID, Game_Type) VALUES (48, 'Multiplayer');
INSERT INTO proj.Game_Type (Game_ID, Game_Type) VALUES (49, 'Crime');
INSERT INTO proj.Game_Type (Game_ID, Game_Type) VALUES (53, 'Horror');
INSERT INTO proj.Game_Type (Game_ID, Game_Type) VALUES (54, 'Story');
INSERT INTO proj.Game_Type (Game_ID, Game_Type) VALUES (55, 'Uncategorized');
INSERT INTO proj.Game_Type (Game_ID, Game_Type) VALUES (56, 'RPG');
INSERT INTO proj.Game_Type (Game_ID, Game_Type) VALUES (59, 'Sandbox');
INSERT INTO proj.Game_Type (Game_ID, Game_Type) VALUES (63, 'Shooter');
INSERT INTO proj.Game_Type (Game_ID, Game_Type) VALUES (66, 'MOBA');
INSERT INTO proj.Game_Type (Game_ID, Game_Type) VALUES (3, 'Strategy');
INSERT INTO proj.Game_Type (Game_ID, Game_Type) VALUES (5, 'Puzzle');
INSERT INTO proj.Game_Type (Game_ID, Game_Type) VALUES (9, 'Multiplayer');
INSERT INTO proj.Game_Type (Game_ID, Game_Type) VALUES (12, 'Crime');
INSERT INTO proj.Game_Type (Game_ID, Game_Type) VALUES (13, 'Horror');
INSERT INTO proj.Game_Type (Game_ID, Game_Type) VALUES (15, 'Story');
INSERT INTO proj.Game_Type (Game_ID, Game_Type) VALUES (19, 'Uncategorized');
INSERT INTO proj.Game_Type (Game_ID, Game_Type) VALUES (20, 'RPG');
INSERT INTO proj.Game_Type (Game_ID, Game_Type) VALUES (23, 'Sandbox');
INSERT INTO proj.Game_Type (Game_ID, Game_Type) VALUES (25, 'Sports');
INSERT INTO proj.Game_Type (Game_ID, Game_Type) VALUES (26, 'Shooter');
INSERT INTO proj.Game_Type (Game_ID, Game_Type) VALUES (32, 'Strategy');
INSERT INTO proj.Game_Type (Game_ID, Game_Type) VALUES (33, 'Puzzle');
INSERT INTO proj.Game_Type (Game_ID, Game_Type) VALUES (37, 'Survival');
INSERT INTO proj.Game_Type (Game_ID, Game_Type) VALUES (38, 'Multiplayer');
INSERT INTO proj.Game_Type (Game_ID, Game_Type) VALUES (39, 'Crime');
INSERT INTO proj.Game_Type (Game_ID, Game_Type) VALUES (40, 'Horror');
INSERT INTO proj.Game_Type (Game_ID, Game_Type) VALUES (41, 'Story');
INSERT INTO proj.Game_Type (Game_ID, Game_Type) VALUES (42, 'Uncategorized');
INSERT INTO proj.Game_Type (Game_ID, Game_Type) VALUES (48, 'RPG');
INSERT INTO proj.Game_Type (Game_ID, Game_Type) VALUES (49, 'Sandbox');
INSERT INTO proj.Game_Type (Game_ID, Game_Type) VALUES (53, 'Sports');
INSERT INTO proj.Game_Type (Game_ID, Game_Type) VALUES (54, 'Shooter');
INSERT INTO proj.Game_Type (Game_ID, Game_Type) VALUES (56, 'Strategy');
INSERT INTO proj.Game_Type (Game_ID, Game_Type) VALUES (59, 'Puzzle');
INSERT INTO proj.Game_Type (Game_ID, Game_Type) VALUES (63, 'Multiplayer');
INSERT INTO proj.Game_Type (Game_ID, Game_Type) VALUES (66, 'Crime');
INSERT INTO proj.Game_Type (Game_ID, Game_Type) VALUES (3, 'Horror');
INSERT INTO proj.Game_Type (Game_ID, Game_Type) VALUES (5, 'Story');
INSERT INTO proj.Game_Type (Game_ID, Game_Type) VALUES (6, 'Uncategorized');
INSERT INTO proj.Game_Type (Game_ID, Game_Type) VALUES (9, 'RPG');
INSERT INTO proj.Game_Type (Game_ID, Game_Type) VALUES (12, 'Sandbox');
INSERT INTO proj.Game_Type (Game_ID, Game_Type) VALUES (13, 'Sports');
INSERT INTO proj.Game_Type (Game_ID, Game_Type) VALUES (15, 'Shooter');
INSERT INTO proj.Game_Type (Game_ID, Game_Type) VALUES (20, 'Strategy');
INSERT INTO proj.Game_Type (Game_ID, Game_Type) VALUES (23, 'Puzzle');
INSERT INTO proj.Game_Type (Game_ID, Game_Type) VALUES (25, 'Survival');
INSERT INTO proj.Game_Type (Game_ID, Game_Type) VALUES (26, 'Multiplayer');
INSERT INTO proj.Game_Type (Game_ID, Game_Type) VALUES (32, 'Horror');
INSERT INTO proj.Game_Type (Game_ID, Game_Type) VALUES (33, 'Story');
INSERT INTO proj.Game_Type (Game_ID, Game_Type) VALUES (38, 'RPG');
INSERT INTO proj.Game_Type (Game_ID, Game_Type) VALUES (39, 'Sandbox');
INSERT INTO proj.Game_Type (Game_ID, Game_Type) VALUES (40, 'Sports');
INSERT INTO proj.Game_Type (Game_ID, Game_Type) VALUES (41, 'Shooter');
INSERT INTO proj.Game_Type (Game_ID, Game_Type) VALUES (48, 'Strategy');
INSERT INTO proj.Game_Type (Game_ID, Game_Type) VALUES (49, 'Puzzle');
INSERT INTO proj.Game_Type (Game_ID, Game_Type) VALUES (53, 'Survival');
INSERT INTO proj.Game_Type (Game_ID, Game_Type) VALUES (54, 'Multiplayer');
INSERT INTO proj.Game_Type (Game_ID, Game_Type) VALUES (56, 'Horror');
INSERT INTO proj.Game_Type (Game_ID, Game_Type) VALUES (59, 'Story');
INSERT INTO proj.Game_Type (Game_ID, Game_Type) VALUES (61, 'Uncategorized');
INSERT INTO proj.Game_Type (Game_ID, Game_Type) VALUES (63, 'RPG');
INSERT INTO proj.Game_Type (Game_ID, Game_Type) VALUES (66, 'Sandbox');
INSERT INTO proj.Game_Type (Game_ID, Game_Type) VALUES (3, 'Sports');
INSERT INTO proj.Game_Type (Game_ID, Game_Type) VALUES (5, 'Shooter');
INSERT INTO proj.Game_Type (Game_ID, Game_Type) VALUES (9, 'Strategy');
INSERT INTO proj.Game_Type (Game_ID, Game_Type) VALUES (12, 'Puzzle');
INSERT INTO proj.Game_Type (Game_ID, Game_Type) VALUES (13, 'Survival');
INSERT INTO proj.Game_Type (Game_ID, Game_Type) VALUES (15, 'Multiplayer');
GO
;

--Tabela [Store_Software]
INSERT INTO proj.Store_Software (Store_ID, Software_ID, Price) VALUES (1, 3, 7.51);
INSERT INTO proj.Store_Software (Store_ID, Software_ID, Price) VALUES (1, 5, 12.36);
INSERT INTO proj.Store_Software (Store_ID, Software_ID, Price) VALUES (1, 6, 45.74);
INSERT INTO proj.Store_Software (Store_ID, Software_ID, Price) VALUES (1, 9, 31.18);
INSERT INTO proj.Store_Software (Store_ID, Software_ID, Price) VALUES (1, 12, 3.38);
INSERT INTO proj.Store_Software (Store_ID, Software_ID, Price) VALUES (1, 13, 26.08);
INSERT INTO proj.Store_Software (Store_ID, Software_ID, Price) VALUES (1, 15, 60.06);
INSERT INTO proj.Store_Software (Store_ID, Software_ID, Price) VALUES (1, 19, 29.92);
INSERT INTO proj.Store_Software (Store_ID, Software_ID, Price) VALUES (1, 20, 33.26);
INSERT INTO proj.Store_Software (Store_ID, Software_ID, Price) VALUES (1, 23, 13.98);
INSERT INTO proj.Store_Software (Store_ID, Software_ID, Price) VALUES (1, 25, 61.4);
INSERT INTO proj.Store_Software (Store_ID, Software_ID, Price) VALUES (1, 26, 67.47);
INSERT INTO proj.Store_Software (Store_ID, Software_ID, Price) VALUES (1, 32, 0);
INSERT INTO proj.Store_Software (Store_ID, Software_ID, Price) VALUES (1, 33, 55.95);
INSERT INTO proj.Store_Software (Store_ID, Software_ID, Price) VALUES (1, 37, 43.08);
INSERT INTO proj.Store_Software (Store_ID, Software_ID, Price) VALUES (1, 38, 17.48);
INSERT INTO proj.Store_Software (Store_ID, Software_ID, Price) VALUES (1, 39, 47.12);
INSERT INTO proj.Store_Software (Store_ID, Software_ID, Price) VALUES (1, 40, 19.67);
INSERT INTO proj.Store_Software (Store_ID, Software_ID, Price) VALUES (1, 41, 3.77);
INSERT INTO proj.Store_Software (Store_ID, Software_ID, Price) VALUES (1, 42, 34.57);
INSERT INTO proj.Store_Software (Store_ID, Software_ID, Price) VALUES (1, 48, 50.13);
INSERT INTO proj.Store_Software (Store_ID, Software_ID, Price) VALUES (1, 49, 10.51);
INSERT INTO proj.Store_Software (Store_ID, Software_ID, Price) VALUES (1, 56, 55.4);
INSERT INTO proj.Store_Software (Store_ID, Software_ID, Price) VALUES (1, 59, 6.04);
INSERT INTO proj.Store_Software (Store_ID, Software_ID, Price) VALUES (1, 61, 44.01);
INSERT INTO proj.Store_Software (Store_ID, Software_ID, Price) VALUES (1, 63, 64.88);
INSERT INTO proj.Store_Software (Store_ID, Software_ID, Price) VALUES (1, 66, 0);
INSERT INTO proj.Store_Software (Store_ID, Software_ID, Price) VALUES (1, 1, 131.17);
INSERT INTO proj.Store_Software (Store_ID, Software_ID, Price) VALUES (1, 2, 114.13);
INSERT INTO proj.Store_Software (Store_ID, Software_ID, Price) VALUES (1, 4, 64.14);
INSERT INTO proj.Store_Software (Store_ID, Software_ID, Price) VALUES (1, 7, 77.0);
INSERT INTO proj.Store_Software (Store_ID, Software_ID, Price) VALUES (1, 8, 73.48);
INSERT INTO proj.Store_Software (Store_ID, Software_ID, Price) VALUES (1, 10, 51.01);
INSERT INTO proj.Store_Software (Store_ID, Software_ID, Price) VALUES (1, 11, 61.9);
INSERT INTO proj.Store_Software (Store_ID, Software_ID, Price) VALUES (1, 14, 75.23);
INSERT INTO proj.Store_Software (Store_ID, Software_ID, Price) VALUES (1, 16, 55.87);
INSERT INTO proj.Store_Software (Store_ID, Software_ID, Price) VALUES (1, 17, 25.07);
INSERT INTO proj.Store_Software (Store_ID, Software_ID, Price) VALUES (1, 18, 57.55);
INSERT INTO proj.Store_Software (Store_ID, Software_ID, Price) VALUES (1, 21, 50.43);
INSERT INTO proj.Store_Software (Store_ID, Software_ID, Price) VALUES (1, 22, 115.92);
INSERT INTO proj.Store_Software (Store_ID, Software_ID, Price) VALUES (1, 24, 86.94);
INSERT INTO proj.Store_Software (Store_ID, Software_ID, Price) VALUES (1, 27, 14.96);
INSERT INTO proj.Store_Software (Store_ID, Software_ID, Price) VALUES (1, 34, 90.31);
INSERT INTO proj.Store_Software (Store_ID, Software_ID, Price) VALUES (1, 35, 104.86);
INSERT INTO proj.Store_Software (Store_ID, Software_ID, Price) VALUES (1, 45, 75.37);
INSERT INTO proj.Store_Software (Store_ID, Software_ID, Price) VALUES (1, 46, 17.4);
INSERT INTO proj.Store_Software (Store_ID, Software_ID, Price) VALUES (1, 47, 78.56);
INSERT INTO proj.Store_Software (Store_ID, Software_ID, Price) VALUES (1, 50, 29.0);
INSERT INTO proj.Store_Software (Store_ID, Software_ID, Price) VALUES (1, 51, 122.34);
INSERT INTO proj.Store_Software (Store_ID, Software_ID, Price) VALUES (1, 52, 107.83);
INSERT INTO proj.Store_Software (Store_ID, Software_ID, Price) VALUES (1, 57, 49.47);
INSERT INTO proj.Store_Software (Store_ID, Software_ID, Price) VALUES (1, 58, 84.37);
INSERT INTO proj.Store_Software (Store_ID, Software_ID, Price) VALUES (1, 60, 143.63);
INSERT INTO proj.Store_Software (Store_ID, Software_ID, Price) VALUES (1, 62, 94.04);
INSERT INTO proj.Store_Software (Store_ID, Software_ID, Price) VALUES (1, 64, 70.51);
INSERT INTO proj.Store_Software (Store_ID, Software_ID, Price) VALUES (1, 65, 54.29);
GO
;

--Tabela [Authorization_List]
INSERT INTO proj.Authorization_List (Store_ID, Publisher_NIPC) VALUES (1, 262496356);
INSERT INTO proj.Authorization_List (Store_ID, Publisher_NIPC) VALUES (1, 446823285);
INSERT INTO proj.Authorization_List (Store_ID, Publisher_NIPC) VALUES (1, 516221301);
INSERT INTO proj.Authorization_List (Store_ID, Publisher_NIPC) VALUES (1, 531561295);
INSERT INTO proj.Authorization_List (Store_ID, Publisher_NIPC) VALUES (1, 532383894);
INSERT INTO proj.Authorization_List (Store_ID, Publisher_NIPC) VALUES (1, 649088570);
INSERT INTO proj.Authorization_List (Store_ID, Publisher_NIPC) VALUES (1, 668142917);
INSERT INTO proj.Authorization_List (Store_ID, Publisher_NIPC) VALUES (1, 718590525);
INSERT INTO proj.Authorization_List (Store_ID, Publisher_NIPC) VALUES (1, 915573914);
GO
;

--Tabela [Wishlist]
INSERT INTO proj.Wishlist (AppUser_ID, Software_ID) VALUES (1, 2);
INSERT INTO proj.Wishlist (AppUser_ID, Software_ID) VALUES (1, 45);
INSERT INTO proj.Wishlist (AppUser_ID, Software_ID) VALUES (1, 15);
INSERT INTO proj.Wishlist (AppUser_ID, Software_ID) VALUES (1, 32);
INSERT INTO proj.Wishlist (AppUser_ID, Software_ID) VALUES (2, 57);
INSERT INTO proj.Wishlist (AppUser_ID, Software_ID) VALUES (2, 64);
INSERT INTO proj.Wishlist (AppUser_ID, Software_ID) VALUES (4, 37);
INSERT INTO proj.Wishlist (AppUser_ID, Software_ID) VALUES (8, 9);
INSERT INTO proj.Wishlist (AppUser_ID, Software_ID) VALUES (9, 49);
INSERT INTO proj.Wishlist (AppUser_ID, Software_ID) VALUES (12, 23);
INSERT INTO proj.Wishlist (AppUser_ID, Software_ID) VALUES (12, 3);
INSERT INTO proj.Wishlist (AppUser_ID, Software_ID) VALUES (13, 24);
INSERT INTO proj.Wishlist (AppUser_ID, Software_ID) VALUES (14, 4);
INSERT INTO proj.Wishlist (AppUser_ID, Software_ID) VALUES (18, 27);
INSERT INTO proj.Wishlist (AppUser_ID, Software_ID) VALUES (19, 37);
INSERT INTO proj.Wishlist (AppUser_ID, Software_ID) VALUES (20, 64);
INSERT INTO proj.Wishlist (AppUser_ID, Software_ID) VALUES (21, 64);
INSERT INTO proj.Wishlist (AppUser_ID, Software_ID) VALUES (30, 32);
INSERT INTO proj.Wishlist (AppUser_ID, Software_ID) VALUES (32, 18);
INSERT INTO proj.Wishlist (AppUser_ID, Software_ID) VALUES (37, 33);
INSERT INTO proj.Wishlist (AppUser_ID, Software_ID) VALUES (40, 65);
INSERT INTO proj.Wishlist (AppUser_ID, Software_ID) VALUES (44, 33);
INSERT INTO proj.Wishlist (AppUser_ID, Software_ID) VALUES (47, 58);
INSERT INTO proj.Wishlist (AppUser_ID, Software_ID) VALUES (50, 11);
INSERT INTO proj.Wishlist (AppUser_ID, Software_ID) VALUES (54, 61);
INSERT INTO proj.Wishlist (AppUser_ID, Software_ID) VALUES (59, 13);
INSERT INTO proj.Wishlist (AppUser_ID, Software_ID) VALUES (60, 66);
INSERT INTO proj.Wishlist (AppUser_ID, Software_ID) VALUES (61, 46);
INSERT INTO proj.Wishlist (AppUser_ID, Software_ID) VALUES (64, 3);
INSERT INTO proj.Wishlist (AppUser_ID, Software_ID) VALUES (74, 58);
INSERT INTO proj.Wishlist (AppUser_ID, Software_ID) VALUES (78, 23);
INSERT INTO proj.Wishlist (AppUser_ID, Software_ID) VALUES (80, 26);
INSERT INTO proj.Wishlist (AppUser_ID, Software_ID) VALUES (81, 56);
INSERT INTO proj.Wishlist (AppUser_ID, Software_ID) VALUES (90, 9);
INSERT INTO proj.Wishlist (AppUser_ID, Software_ID) VALUES (91, 3);
INSERT INTO proj.Wishlist (AppUser_ID, Software_ID) VALUES (99, 49);
INSERT INTO proj.Wishlist (AppUser_ID, Software_ID) VALUES (100, 46);
GO
;

--Tabela [Friendslist]
INSERT INTO proj.FriendsList (AppUser_ID1, AppUser_ID2) VALUES (1, 2);
INSERT INTO proj.FriendsList (AppUser_ID1, AppUser_ID2) VALUES (2, 1);
INSERT INTO proj.FriendsList (AppUser_ID1, AppUser_ID2) VALUES (1, 7);
INSERT INTO proj.FriendsList (AppUser_ID1, AppUser_ID2) VALUES (7, 1);
INSERT INTO proj.FriendsList (AppUser_ID1, AppUser_ID2) VALUES (1, 60);
INSERT INTO proj.FriendsList (AppUser_ID1, AppUser_ID2) VALUES (60, 1);
INSERT INTO proj.FriendsList (AppUser_ID1, AppUser_ID2) VALUES (1, 43);
INSERT INTO proj.FriendsList (AppUser_ID1, AppUser_ID2) VALUES (43, 1);
INSERT INTO proj.FriendsList (AppUser_ID1, AppUser_ID2) VALUES (1, 86);
INSERT INTO proj.FriendsList (AppUser_ID1, AppUser_ID2) VALUES (86, 1);
INSERT INTO proj.FriendsList (AppUser_ID1, AppUser_ID2) VALUES (1, 29);
INSERT INTO proj.FriendsList (AppUser_ID1, AppUser_ID2) VALUES (29, 1);
INSERT INTO proj.FriendsList (AppUser_ID1, AppUser_ID2) VALUES (7, 9);
INSERT INTO proj.FriendsList (AppUser_ID1, AppUser_ID2) VALUES (9, 7);
INSERT INTO proj.FriendsList (AppUser_ID1, AppUser_ID2) VALUES (7, 38);
INSERT INTO proj.FriendsList (AppUser_ID1, AppUser_ID2) VALUES (38, 7);
INSERT INTO proj.FriendsList (AppUser_ID1, AppUser_ID2) VALUES (7, 73);
INSERT INTO proj.FriendsList (AppUser_ID1, AppUser_ID2) VALUES (73, 7);
INSERT INTO proj.FriendsList (AppUser_ID1, AppUser_ID2) VALUES (2, 40);
INSERT INTO proj.FriendsList (AppUser_ID1, AppUser_ID2) VALUES (40, 2);
INSERT INTO proj.FriendsList (AppUser_ID1, AppUser_ID2) VALUES (2, 14);
INSERT INTO proj.FriendsList (AppUser_ID1, AppUser_ID2) VALUES (14, 2);
INSERT INTO proj.FriendsList (AppUser_ID1, AppUser_ID2) VALUES (3, 31);
INSERT INTO proj.FriendsList (AppUser_ID1, AppUser_ID2) VALUES (31, 3);
INSERT INTO proj.FriendsList (AppUser_ID1, AppUser_ID2) VALUES (3, 14);
INSERT INTO proj.FriendsList (AppUser_ID1, AppUser_ID2) VALUES (14, 3);
INSERT INTO proj.FriendsList (AppUser_ID1, AppUser_ID2) VALUES (79, 5);
INSERT INTO proj.FriendsList (AppUser_ID1, AppUser_ID2) VALUES (5, 79);
INSERT INTO proj.FriendsList (AppUser_ID1, AppUser_ID2) VALUES (5, 56);
INSERT INTO proj.FriendsList (AppUser_ID1, AppUser_ID2) VALUES (9, 73);
INSERT INTO proj.FriendsList (AppUser_ID1, AppUser_ID2) VALUES (73, 9);
INSERT INTO proj.FriendsList (AppUser_ID1, AppUser_ID2) VALUES (9, 40);
INSERT INTO proj.FriendsList (AppUser_ID1, AppUser_ID2) VALUES (40, 9);
INSERT INTO proj.FriendsList (AppUser_ID1, AppUser_ID2) VALUES (56, 5);
INSERT INTO proj.FriendsList (AppUser_ID1, AppUser_ID2) VALUES (79, 63);
INSERT INTO proj.FriendsList (AppUser_ID1, AppUser_ID2) VALUES (63, 79);
INSERT INTO proj.FriendsList (AppUser_ID1, AppUser_ID2) VALUES (79, 69);
INSERT INTO proj.FriendsList (AppUser_ID1, AppUser_ID2) VALUES (63, 60);
INSERT INTO proj.FriendsList (AppUser_ID1, AppUser_ID2) VALUES (60, 63);
INSERT INTO proj.FriendsList (AppUser_ID1, AppUser_ID2) VALUES (69, 79);
INSERT INTO proj.FriendsList (AppUser_ID1, AppUser_ID2) VALUES (69, 15);
INSERT INTO proj.FriendsList (AppUser_ID1, AppUser_ID2) VALUES (15, 69);
INSERT INTO proj.FriendsList (AppUser_ID1, AppUser_ID2) VALUES (69, 99);
INSERT INTO proj.FriendsList (AppUser_ID1, AppUser_ID2) VALUES (99, 69);
INSERT INTO proj.FriendsList (AppUser_ID1, AppUser_ID2) VALUES (91, 67);
INSERT INTO proj.FriendsList (AppUser_ID1, AppUser_ID2) VALUES (67, 91);
INSERT INTO proj.FriendsList (AppUser_ID1, AppUser_ID2) VALUES (91, 18);
INSERT INTO proj.FriendsList (AppUser_ID1, AppUser_ID2) VALUES (18, 91);
INSERT INTO proj.FriendsList (AppUser_ID1, AppUser_ID2) VALUES (91, 29);
INSERT INTO proj.FriendsList (AppUser_ID1, AppUser_ID2) VALUES (29, 91);
INSERT INTO proj.FriendsList (AppUser_ID1, AppUser_ID2) VALUES (26, 88);
INSERT INTO proj.FriendsList (AppUser_ID1, AppUser_ID2) VALUES (88, 26);
INSERT INTO proj.FriendsList (AppUser_ID1, AppUser_ID2) VALUES (26, 39);
INSERT INTO proj.FriendsList (AppUser_ID1, AppUser_ID2) VALUES (39, 26);
INSERT INTO proj.FriendsList (AppUser_ID1, AppUser_ID2) VALUES (26, 24);
INSERT INTO proj.FriendsList (AppUser_ID1, AppUser_ID2) VALUES (24, 26);
INSERT INTO proj.FriendsList (AppUser_ID1, AppUser_ID2) VALUES (26, 67);
INSERT INTO proj.FriendsList (AppUser_ID1, AppUser_ID2) VALUES (67, 26);
INSERT INTO proj.FriendsList (AppUser_ID1, AppUser_ID2) VALUES (26, 72);
INSERT INTO proj.FriendsList (AppUser_ID1, AppUser_ID2) VALUES (72, 26);
INSERT INTO proj.FriendsList (AppUser_ID1, AppUser_ID2) VALUES (56, 15);
INSERT INTO proj.FriendsList (AppUser_ID1, AppUser_ID2) VALUES (15, 56);
INSERT INTO proj.FriendsList (AppUser_ID1, AppUser_ID2) VALUES (42, 5);
INSERT INTO proj.FriendsList (AppUser_ID1, AppUser_ID2) VALUES (5, 42);
INSERT INTO proj.FriendsList (AppUser_ID1, AppUser_ID2) VALUES (56, 70);
INSERT INTO proj.FriendsList (AppUser_ID1, AppUser_ID2) VALUES (70, 56);
INSERT INTO proj.FriendsList (AppUser_ID1, AppUser_ID2) VALUES (70, 88);
INSERT INTO proj.FriendsList (AppUser_ID1, AppUser_ID2) VALUES (88, 70);
INSERT INTO proj.FriendsList (AppUser_ID1, AppUser_ID2) VALUES (56, 46);
INSERT INTO proj.FriendsList (AppUser_ID1, AppUser_ID2) VALUES (46, 56);
INSERT INTO proj.FriendsList (AppUser_ID1, AppUser_ID2) VALUES (56, 42);
INSERT INTO proj.FriendsList (AppUser_ID1, AppUser_ID2) VALUES (42, 56);
INSERT INTO proj.FriendsList (AppUser_ID1, AppUser_ID2) VALUES (37, 20);
INSERT INTO proj.FriendsList (AppUser_ID1, AppUser_ID2) VALUES (20, 37);
INSERT INTO proj.FriendsList (AppUser_ID1, AppUser_ID2) VALUES (37, 85);
INSERT INTO proj.FriendsList (AppUser_ID1, AppUser_ID2) VALUES (85, 37);
INSERT INTO proj.FriendsList (AppUser_ID1, AppUser_ID2) VALUES (37, 97);
INSERT INTO proj.FriendsList (AppUser_ID1, AppUser_ID2) VALUES (85, 72);
INSERT INTO proj.FriendsList (AppUser_ID1, AppUser_ID2) VALUES (72, 85);
INSERT INTO proj.FriendsList (AppUser_ID1, AppUser_ID2) VALUES (97, 37);
INSERT INTO proj.FriendsList (AppUser_ID1, AppUser_ID2) VALUES (37, 14);
INSERT INTO proj.FriendsList (AppUser_ID1, AppUser_ID2) VALUES (14, 37);
GO
;

--Tabela [Purchases]
INSERT INTO proj.Purchases (Finalize_Date, AppUser_ID, Software_ID, Store_ID, Cost) VALUES ('2/13/2021', 1, 1, 1, 131.17);
INSERT INTO proj.Purchases (Finalize_Date, AppUser_ID, Software_ID, Store_ID, Cost) VALUES ('2/13/2021', 1, 1, 1, 131.17);
INSERT INTO proj.Purchases (Finalize_Date, AppUser_ID, Software_ID, Store_ID, Cost) VALUES ('8/11/2020', 1, 8, 1, 73.48);
INSERT INTO proj.Purchases (Finalize_Date, AppUser_ID, Software_ID, Store_ID, Cost) VALUES ('10/8/2020', 1, 7, 1, 77);
INSERT INTO proj.Purchases (Finalize_Date, AppUser_ID, Software_ID, Store_ID, Cost) VALUES ('8/12/2020', 2, 12, 1, 3.38);
INSERT INTO proj.Purchases (Finalize_Date, AppUser_ID, Software_ID, Store_ID, Cost) VALUES ('8/30/2020', 2, 42, 1, 34.57);
INSERT INTO proj.Purchases (Finalize_Date, AppUser_ID, Software_ID, Store_ID, Cost) VALUES ('9/4/2020', 3, 66, 1, 0);
INSERT INTO proj.Purchases (Finalize_Date, AppUser_ID, Software_ID, Store_ID, Cost) VALUES ('9/5/2020', 4, 27, 1, 14.96);
INSERT INTO proj.Purchases (Finalize_Date, AppUser_ID, Software_ID, Store_ID, Cost) VALUES ('1/24/2021', 5, 57, 1, 49.47);
INSERT INTO proj.Purchases (Finalize_Date, AppUser_ID, Software_ID, Store_ID, Cost) VALUES ('11/25/2020', 6, 25, 1, 61.40);
INSERT INTO proj.Purchases (Finalize_Date, AppUser_ID, Software_ID, Store_ID, Cost) VALUES ('6/25/2020', 7, 8, 1, 73.48);
INSERT INTO proj.Purchases (Finalize_Date, AppUser_ID, Software_ID, Store_ID, Cost) VALUES ('11/21/2020', 8, 31, 1, 11.83);
INSERT INTO proj.Purchases (Finalize_Date, AppUser_ID, Software_ID, Store_ID, Cost) VALUES ('10/22/2020', 9, 44, 1, 38.52);
INSERT INTO proj.Purchases (Finalize_Date, AppUser_ID, Software_ID, Store_ID, Cost) VALUES ('3/4/2021', 10, 22, 1, 115.92);
INSERT INTO proj.Purchases (Finalize_Date, AppUser_ID, Software_ID, Store_ID, Cost) VALUES ('3/8/2021', 11, 48, 1, 50.13);
INSERT INTO proj.Purchases (Finalize_Date, AppUser_ID, Software_ID, Store_ID, Cost) VALUES ('11/3/2020', 12, 8, 1, 73.48);
INSERT INTO proj.Purchases (Finalize_Date, AppUser_ID, Software_ID, Store_ID, Cost) VALUES ('7/8/2020', 13, 65, 1, 54.29);
INSERT INTO proj.Purchases (Finalize_Date, AppUser_ID, Software_ID, Store_ID, Cost) VALUES ('3/20/2021', 14, 21, 1, 50.43);
INSERT INTO proj.Purchases (Finalize_Date, AppUser_ID, Software_ID, Store_ID, Cost) VALUES ('4/17/2021', 15, 10, 1, 51.01);
INSERT INTO proj.Purchases (Finalize_Date, AppUser_ID, Software_ID, Store_ID, Cost) VALUES ('6/15/2020', 16, 1, 1, 131.17);
INSERT INTO proj.Purchases (Finalize_Date, AppUser_ID, Software_ID, Store_ID, Cost) VALUES ('7/31/2020', 17, 45, 1, 75.37);
INSERT INTO proj.Purchases (Finalize_Date, AppUser_ID, Software_ID, Store_ID, Cost) VALUES ('10/15/2020', 18, 31, 1, 11.83);
INSERT INTO proj.Purchases (Finalize_Date, AppUser_ID, Software_ID, Store_ID, Cost) VALUES ('12/26/2020', 19, 49, 1, 10.51);
INSERT INTO proj.Purchases (Finalize_Date, AppUser_ID, Software_ID, Store_ID, Cost) VALUES ('1/29/2021', 20, 20, 1, 33.26);
INSERT INTO proj.Purchases (Finalize_Date, AppUser_ID, Software_ID, Store_ID, Cost) VALUES ('5/13/2021', 21, 17, 1, 25.07);
INSERT INTO proj.Purchases (Finalize_Date, AppUser_ID, Software_ID, Store_ID, Cost) VALUES ('3/6/2021', 22, 56, 1, 55.40);
INSERT INTO proj.Purchases (Finalize_Date, AppUser_ID, Software_ID, Store_ID, Cost) VALUES ('10/31/2020', 23, 51, 1, 122.34);
INSERT INTO proj.Purchases (Finalize_Date, AppUser_ID, Software_ID, Store_ID, Cost) VALUES ('4/21/2021', 24, 38, 1, 17.48);
INSERT INTO proj.Purchases (Finalize_Date, AppUser_ID, Software_ID, Store_ID, Cost) VALUES ('12/25/2020', 25, 12, 1, 3.38);
INSERT INTO proj.Purchases (Finalize_Date, AppUser_ID, Software_ID, Store_ID, Cost) VALUES ('1/30/2021', 26, 2, 1, 114.13);
INSERT INTO proj.Purchases (Finalize_Date, AppUser_ID, Software_ID, Store_ID, Cost) VALUES ('2/22/2021', 27, 13, 1, 26.08);
INSERT INTO proj.Purchases (Finalize_Date, AppUser_ID, Software_ID, Store_ID, Cost) VALUES ('3/26/2021', 28, 39, 1, 47.12);
INSERT INTO proj.Purchases (Finalize_Date, AppUser_ID, Software_ID, Store_ID, Cost) VALUES ('3/26/2021', 29, 63, 1, 64.88);
INSERT INTO proj.Purchases (Finalize_Date, AppUser_ID, Software_ID, Store_ID, Cost) VALUES ('12/29/2020', 30, 6, 1, 45.74);
INSERT INTO proj.Purchases (Finalize_Date, AppUser_ID, Software_ID, Store_ID, Cost) VALUES ('1/24/2021', 31, 16, 1, 55.87);
INSERT INTO proj.Purchases (Finalize_Date, AppUser_ID, Software_ID, Store_ID, Cost) VALUES ('11/28/2020', 32, 31, 1, 11.83);
INSERT INTO proj.Purchases (Finalize_Date, AppUser_ID, Software_ID, Store_ID, Cost) VALUES ('11/2/2020', 33, 14, 1, 75.23);
INSERT INTO proj.Purchases (Finalize_Date, AppUser_ID, Software_ID, Store_ID, Cost) VALUES ('6/6/2020', 34, 27, 1, 14.96);
INSERT INTO proj.Purchases (Finalize_Date, AppUser_ID, Software_ID, Store_ID, Cost) VALUES ('4/20/2021', 35, 22, 1, 115.92);
INSERT INTO proj.Purchases (Finalize_Date, AppUser_ID, Software_ID, Store_ID, Cost) VALUES ('1/24/2020', 36, 12, 1, 3.38);
INSERT INTO proj.Purchases (Finalize_Date, AppUser_ID, Software_ID, Store_ID, Cost) VALUES ('3/4/2021', 37, 49, 1, 10.51);
INSERT INTO proj.Purchases (Finalize_Date, AppUser_ID, Software_ID, Store_ID, Cost) VALUES ('3/7/2021', 38, 36, 1, 113.57);
INSERT INTO proj.Purchases (Finalize_Date, AppUser_ID, Software_ID, Store_ID, Cost) VALUES ('1/14/2020', 39, 33, 1, 55.95);
INSERT INTO proj.Purchases (Finalize_Date, AppUser_ID, Software_ID, Store_ID, Cost) VALUES ('2/29/2020', 40, 2, 1, 114.13);
INSERT INTO proj.Purchases (Finalize_Date, AppUser_ID, Software_ID, Store_ID, Cost) VALUES ('11/19/2020', 41, 30, 1, 57.92);
INSERT INTO proj.Purchases (Finalize_Date, AppUser_ID, Software_ID, Store_ID, Cost) VALUES ('1/3/2020', 42, 31, 1, 11.83);
INSERT INTO proj.Purchases (Finalize_Date, AppUser_ID, Software_ID, Store_ID, Cost) VALUES ('3/28/2021', 43, 60, 1, 143.63);
INSERT INTO proj.Purchases (Finalize_Date, AppUser_ID, Software_ID, Store_ID, Cost) VALUES ('3/27/2021', 45, 56, 1, 55.40);
INSERT INTO proj.Purchases (Finalize_Date, AppUser_ID, Software_ID, Store_ID, Cost) VALUES ('2/23/2020', 46, 17, 1, 25.07);
INSERT INTO proj.Purchases (Finalize_Date, AppUser_ID, Software_ID, Store_ID, Cost) VALUES ('7/12/2020', 47, 6, 1, 45.74);
INSERT INTO proj.Purchases (Finalize_Date, AppUser_ID, Software_ID, Store_ID, Cost) VALUES ('9/11/2020', 48, 30, 1, 57.92);
INSERT INTO proj.Purchases (Finalize_Date, AppUser_ID, Software_ID, Store_ID, Cost) VALUES ('2/11/2021', 49, 34, 1, 90.31);
INSERT INTO proj.Purchases (Finalize_Date, AppUser_ID, Software_ID, Store_ID, Cost) VALUES ('5/16/2021', 50, 52, 1, 107.83);
INSERT INTO proj.Purchases (Finalize_Date, AppUser_ID, Software_ID, Store_ID, Cost) VALUES ('3/25/2020', 51, 43, 1, 44.52);
INSERT INTO proj.Purchases (Finalize_Date, AppUser_ID, Software_ID, Store_ID, Cost) VALUES ('2/23/2021', 52, 66, 1, 0);
INSERT INTO proj.Purchases (Finalize_Date, AppUser_ID, Software_ID, Store_ID, Cost) VALUES ('2/23/2020', 53, 35, 1, 104.86);
INSERT INTO proj.Purchases (Finalize_Date, AppUser_ID, Software_ID, Store_ID, Cost) VALUES ('7/5/2020', 54, 4, 1, 64.14);
INSERT INTO proj.Purchases (Finalize_Date, AppUser_ID, Software_ID, Store_ID, Cost) VALUES ('6/29/2020', 55, 20, 1, 33.26);
INSERT INTO proj.Purchases (Finalize_Date, AppUser_ID, Software_ID, Store_ID, Cost) VALUES ('5/22/2020', 56, 58, 1, 84.37);
INSERT INTO proj.Purchases (Finalize_Date, AppUser_ID, Software_ID, Store_ID, Cost) VALUES ('4/17/2021', 57, 56, 1, 55.40);
INSERT INTO proj.Purchases (Finalize_Date, AppUser_ID, Software_ID, Store_ID, Cost) VALUES ('10/20/2020', 58, 35, 1, 104.86);
INSERT INTO proj.Purchases (Finalize_Date, AppUser_ID, Software_ID, Store_ID, Cost) VALUES ('11/12/2020', 59, 22, 1, 115.92);
INSERT INTO proj.Purchases (Finalize_Date, AppUser_ID, Software_ID, Store_ID, Cost) VALUES ('10/9/2020', 60, 57, 1, 49.47);
INSERT INTO proj.Purchases (Finalize_Date, AppUser_ID, Software_ID, Store_ID, Cost) VALUES ('5/13/2021', 61, 5, 1, 12.36);
INSERT INTO proj.Purchases (Finalize_Date, AppUser_ID, Software_ID, Store_ID, Cost) VALUES ('4/11/2021', 62, 55, 1, 33.63);
INSERT INTO proj.Purchases (Finalize_Date, AppUser_ID, Software_ID, Store_ID, Cost) VALUES ('8/22/2020', 63, 19, 1, 29.92);
INSERT INTO proj.Purchases (Finalize_Date, AppUser_ID, Software_ID, Store_ID, Cost) VALUES ('8/18/2020', 64, 12, 1, 3.38);
INSERT INTO proj.Purchases (Finalize_Date, AppUser_ID, Software_ID, Store_ID, Cost) VALUES ('11/7/2020', 65, 58, 1, 84.37);
INSERT INTO proj.Purchases (Finalize_Date, AppUser_ID, Software_ID, Store_ID, Cost) VALUES ('9/28/2020', 66, 46, 1, 17.40);
INSERT INTO proj.Purchases (Finalize_Date, AppUser_ID, Software_ID, Store_ID, Cost) VALUES ('3/18/2021', 3, 31, 1, 11.83);
INSERT INTO proj.Purchases (Finalize_Date, AppUser_ID, Software_ID, Store_ID, Cost) VALUES ('3/23/2021', 4, 36, 1, 113.57);
INSERT INTO proj.Purchases (Finalize_Date, AppUser_ID, Software_ID, Store_ID, Cost) VALUES ('4/30/2020', 5, 15, 1, 60.06);
INSERT INTO proj.Purchases (Finalize_Date, AppUser_ID, Software_ID, Store_ID, Cost) VALUES ('4/10/2020', 6, 23, 1, 13.98);
INSERT INTO proj.Purchases (Finalize_Date, AppUser_ID, Software_ID, Store_ID, Cost) VALUES ('9/17/2020', 7, 35, 1, 104.86);
INSERT INTO proj.Purchases (Finalize_Date, AppUser_ID, Software_ID, Store_ID, Cost) VALUES ('2/27/2020', 8, 63, 1, 64.88);
INSERT INTO proj.Purchases (Finalize_Date, AppUser_ID, Software_ID, Store_ID, Cost) VALUES ('1/2/2020', 9, 39, 1, 47.12);
INSERT INTO proj.Purchases (Finalize_Date, AppUser_ID, Software_ID, Store_ID, Cost) VALUES ('4/25/2021', 10, 62, 1, 94.04);
INSERT INTO proj.Purchases (Finalize_Date, AppUser_ID, Software_ID, Store_ID, Cost) VALUES ('3/15/2020', 11, 60, 1, 143.63);
INSERT INTO proj.Purchases (Finalize_Date, AppUser_ID, Software_ID, Store_ID, Cost) VALUES ('6/2/2020', 12, 21, 1, 50.43);
INSERT INTO proj.Purchases (Finalize_Date, AppUser_ID, Software_ID, Store_ID, Cost) VALUES ('2/13/2021', 13, 29, 1, 11.42);
INSERT INTO proj.Purchases (Finalize_Date, AppUser_ID, Software_ID, Store_ID, Cost) VALUES ('9/27/2020', 15, 34, 1, 90.31);
INSERT INTO proj.Purchases (Finalize_Date, AppUser_ID, Software_ID, Store_ID, Cost) VALUES ('5/11/2021', 16, 20, 1, 33.26);
INSERT INTO proj.Purchases (Finalize_Date, AppUser_ID, Software_ID, Store_ID, Cost) VALUES ('12/24/2021', 17, 45, 1, 75.37);
INSERT INTO proj.Purchases (Finalize_Date, AppUser_ID, Software_ID, Store_ID, Cost) VALUES ('11/21/2021', 18, 40, 1, 57.55);
INSERT INTO proj.Purchases (Finalize_Date, AppUser_ID, Software_ID, Store_ID, Cost) VALUES ('9/11/2020', 19, 19, 1, 29.92);
INSERT INTO proj.Purchases (Finalize_Date, AppUser_ID, Software_ID, Store_ID, Cost) VALUES ('10/25/2020', 20, 26, 1, 67.47);
INSERT INTO proj.Purchases (Finalize_Date, AppUser_ID, Software_ID, Store_ID, Cost) VALUES ('9/13/2020', 21, 18, 1, 57.55);
INSERT INTO proj.Purchases (Finalize_Date, AppUser_ID, Software_ID, Store_ID, Cost) VALUES ('9/3/2020', 22, 51, 1, 122.34);
INSERT INTO proj.Purchases (Finalize_Date, AppUser_ID, Software_ID, Store_ID, Cost) VALUES ('3/31/2020', 23, 54, 1, 26.39);
INSERT INTO proj.Purchases (Finalize_Date, AppUser_ID, Software_ID, Store_ID, Cost) VALUES ('1/6/2021', 24, 34, 1, 90.31);
INSERT INTO proj.Purchases (Finalize_Date, AppUser_ID, Software_ID, Store_ID, Cost) VALUES ('2/8/2021', 25, 55, 1, 33.63);
INSERT INTO proj.Purchases (Finalize_Date, AppUser_ID, Software_ID, Store_ID, Cost) VALUES ('10/29/2020', 26, 28, 1, 100.40);
INSERT INTO proj.Purchases (Finalize_Date, AppUser_ID, Software_ID, Store_ID, Cost) VALUES ('12/1/2020', 28, 36, 1, 113.57);
INSERT INTO proj.Purchases (Finalize_Date, AppUser_ID, Software_ID, Store_ID, Cost) VALUES ('11/30/2020', 29, 55, 1, 33.63);
INSERT INTO proj.Purchases (Finalize_Date, AppUser_ID, Software_ID, Store_ID, Cost) VALUES ('8/25/2020', 30, 30, 1, 57.92);
INSERT INTO proj.Purchases (Finalize_Date, AppUser_ID, Software_ID, Store_ID, Cost) VALUES ('8/18/2020', 32, 34, 1, 90.31);
INSERT INTO proj.Purchases (Finalize_Date, AppUser_ID, Software_ID, Store_ID, Cost) VALUES ('12/2/2020', 33, 39, 1, 47.12);
INSERT INTO proj.Purchases (Finalize_Date, AppUser_ID, Software_ID, Store_ID, Cost) VALUES ('6/26/2020', 34, 48, 1, 50.13);
INSERT INTO proj.Purchases (Finalize_Date, AppUser_ID, Software_ID, Store_ID, Cost) VALUES ('8/30/2020', 35, 31, 1, 11.83);
INSERT INTO proj.Purchases (Finalize_Date, AppUser_ID, Software_ID, Store_ID, Cost) VALUES ('1/1/2021', 36, 32, 1, 0);
GO
;

--Table [Purchase_Returns]
INSERT INTO proj.Purchase_Returns (Purchase_ID, AppUser_ID, Return_Date) VALUES (4, 1, '2020-10-09');
INSERT INTO proj.Purchase_Returns (Purchase_ID, AppUser_ID, Return_Date) VALUES (36, 32, '2020-11-28');
INSERT INTO proj.Purchase_Returns (Purchase_ID, AppUser_ID, Return_Date) VALUES (57, 54, '2020-07-06');
INSERT INTO proj.Purchase_Returns (Purchase_ID, AppUser_ID, Return_Date) VALUES (71, 4, '2021-03-24');
INSERT INTO proj.Purchase_Returns (Purchase_ID, AppUser_ID, Return_Date) VALUES (88, 22, '2020-09-05');
INSERT INTO proj.Purchase_Returns (Purchase_ID, AppUser_ID, Return_Date) VALUES (99, 35, '2020-08-30');
INSERT INTO proj.Purchase_Returns (Purchase_ID, AppUser_ID, Return_Date) VALUES (28, 24, '2021-04-22');
INSERT INTO proj.Purchase_Returns (Purchase_ID, AppUser_ID, Return_Date) VALUES (16, 12, '2020-11-06');
INSERT INTO proj.Purchase_Returns (Purchase_ID, AppUser_ID, Return_Date) VALUES (45, 41, '2020-11-20');
INSERT INTO proj.Purchase_Returns (Purchase_ID, AppUser_ID, Return_Date) VALUES (62, 59, '2020-11-14');
GO
;

--Table [Item_Category]
INSERT INTO proj.Item_Category (Category_Name, CanBeSold) VALUES ('Medal', 0);
INSERT INTO proj.Item_Category (Category_Name, CanBeSold) VALUES ('Cosmetic', 1);
INSERT INTO proj.Item_Category (Category_Name, CanBeSold) VALUES ('Card', 1);
INSERT INTO proj.Item_Category (Category_Name, CanBeSold) VALUES ('Wallpaper', 1);
GO
;

--Table [Item]
INSERT INTO proj.Item (UUID, Item_Name, Rarity, Market_Value, Category, Game_ID) VALUES ('02242a45-6591-406f-b99f-92957a4c7b89', 'Medal-1545oyun', 3, NULL, 1, 5);
INSERT INTO proj.Item (UUID, Item_Name, Rarity, Market_Value, Category, Game_ID) VALUES ('2a5e2ceb-ce5d-47c3-ac9f-7154cf3f61c4', 'Medal-7303oixc', 5, NULL, 1, 3);
INSERT INTO proj.Item (UUID, Item_Name, Rarity, Market_Value, Category, Game_ID) VALUES ('264650e6-0327-4b24-8610-17210fa5faf0', 'Medal-1117itji', 3, NULL, 1, 49);
INSERT INTO proj.Item (UUID, Item_Name, Rarity, Market_Value, Category, Game_ID) VALUES ('6dd21fba-fbe6-4b2b-8a3a-0ba567d8eabb', 'Medal-8596gkor', 3, NULL, 1, 66);
INSERT INTO proj.Item (UUID, Item_Name, Rarity, Market_Value, Category, Game_ID) VALUES ('e661c8fe-6d8d-4179-8669-7c5294109472', 'Medal-0013auwz', 1, NULL, 1, 3);
INSERT INTO proj.Item (UUID, Item_Name, Rarity, Market_Value, Category, Game_ID) VALUES ('776ea454-13e8-449b-966c-de1d60fbee24', 'Medal-1709auzj', 1, NULL, 1, 9);
INSERT INTO proj.Item (UUID, Item_Name, Rarity, Market_Value, Category, Game_ID) VALUES ('7499483e-4822-48ca-8607-5b295b877c57', 'Medal-8823sgue', 1, NULL, 1, 33);
INSERT INTO proj.Item (UUID, Item_Name, Rarity, Market_Value, Category, Game_ID) VALUES ('a16fda0d-83f9-4653-b126-f527c55ddd0c', 'Medal-8336wujj', 1, NULL, 1, 48);
INSERT INTO proj.Item (UUID, Item_Name, Rarity, Market_Value, Category, Game_ID) VALUES ('1aa060b9-8708-45f1-b22c-6fd35657a28f', 'Medal-5783lmxt', 4, NULL, 1, 3);
INSERT INTO proj.Item (UUID, Item_Name, Rarity, Market_Value, Category, Game_ID) VALUES ('10241d27-4315-40cf-a09e-581b991c9107', 'Medal-1986ruey', 5, NULL, 1, 63);

INSERT INTO proj.Item (UUID, Item_Name, Rarity, Market_Value, Category, Game_ID) VALUES ('3a77e02e-2f44-404f-822d-2cb4d9f48769', 'Cosmetic-9883ytld', 1, 15.79, 2, 53);
INSERT INTO proj.Item (UUID, Item_Name, Rarity, Market_Value, Category, Game_ID) VALUES ('f1009f39-c37d-44b7-934a-660c1cad947d', 'Cosmetic-9402tfdo', 1, 18.23, 2, 55);
INSERT INTO proj.Item (UUID, Item_Name, Rarity, Market_Value, Category, Game_ID) VALUES ('03705926-ed97-4c4d-bbcc-d903908303cd', 'Cosmetic-1927izmn', 3, 10.15, 2, 32);
INSERT INTO proj.Item (UUID, Item_Name, Rarity, Market_Value, Category, Game_ID) VALUES ('f7c6e3d1-321a-4d0f-97f5-42e3edad7c1d', 'Cosmetic-4261kwai', 3, 19.13, 2, 9);
INSERT INTO proj.Item (UUID, Item_Name, Rarity, Market_Value, Category, Game_ID) VALUES ('6f57bcf9-eb12-49b4-a595-e28e2c1fba8f', 'Cosmetic-0034xzna', 2, 15.22, 2, 41);
INSERT INTO proj.Item (UUID, Item_Name, Rarity, Market_Value, Category, Game_ID, ForSale) VALUES ('ed816297-0beb-44cc-a6ea-e7d4b74630a7', 'Cosmetic-7395rvds', 4, 3.35, 2, 48, 'Y');
INSERT INTO proj.Item (UUID, Item_Name, Rarity, Market_Value, Category, Game_ID) VALUES ('9811688d-3d26-4d22-ade2-98724c929f76', 'Cosmetic-5380narm', 2, 13.75, 2, 5);
INSERT INTO proj.Item (UUID, Item_Name, Rarity, Market_Value, Category, Game_ID, ForSale) VALUES ('abf1f7ae-4233-413b-90a8-a5a7404a635b', 'Cosmetic-6673wypk', 2, 3.55, 2, 37, 'Y');
INSERT INTO proj.Item (UUID, Item_Name, Rarity, Market_Value, Category, Game_ID) VALUES ('94865bc6-4b16-40ef-99a0-52e89e29518d', 'Cosmetic-7226lhlc', 1, 0.4, 2, 32);
INSERT INTO proj.Item (UUID, Item_Name, Rarity, Market_Value, Category, Game_ID) VALUES ('fc40e52e-ce88-46b0-86e6-637ae495d649', 'Cosmetic-5964zovh', 1, 18.46, 2, 40);

INSERT INTO proj.Item (UUID, Item_Name, Rarity, Market_Value, Category, Game_ID) VALUES ('9d7c2a6f-1e4a-4420-84e8-c08be026e040', 'Card-5484wolq', 2, 6.77, 3, 39);
INSERT INTO proj.Item (UUID, Item_Name, Rarity, Market_Value, Category, Game_ID) VALUES ('7ce7ca81-4610-419b-85f6-d9c5cdef3252', 'Card-6486vuml', 3, 6.73, 3, 25);
INSERT INTO proj.Item (UUID, Item_Name, Rarity, Market_Value, Category, Game_ID) VALUES ('878d939b-bddd-4d7b-8489-ab5be7809fb0', 'Card-7823lorl', 3, 5.07, 3, 19);
INSERT INTO proj.Item (UUID, Item_Name, Rarity, Market_Value, Category, Game_ID) VALUES ('04555b03-17db-462d-9ba3-9ea85c047017', 'Card-1547nhrr', 3, 1.24, 3, 20);
INSERT INTO proj.Item (UUID, Item_Name, Rarity, Market_Value, Category, Game_ID) VALUES ('a7344104-cb70-4781-8f67-0cab9d4468f5', 'Card-0954nusb', 5, 10.35, 3, 61);
INSERT INTO proj.Item (UUID, Item_Name, Rarity, Market_Value, Category, Game_ID) VALUES ('0b556d21-2087-4df3-9dfa-0271b6061483', 'Card-5156grih', 5, 13.1, 3, 6);
INSERT INTO proj.Item (UUID, Item_Name, Rarity, Market_Value, Category, Game_ID, ForSale) VALUES ('aecee278-fe6a-467d-82c8-0e24b5a34a92', 'Card-1641jort', 5, 2.89, 3, 33, 'Y');
INSERT INTO proj.Item (UUID, Item_Name, Rarity, Market_Value, Category, Game_ID) VALUES ('9b40d143-5d43-4812-a02c-9f63135cc0be', 'Card-2802yxtq', 1, 14.98, 3, 42);
INSERT INTO proj.Item (UUID, Item_Name, Rarity, Market_Value, Category, Game_ID) VALUES ('a05cdf3e-ddb0-4e10-b9d3-eb070713b257', 'Card-6524bnct', 3, 3.92, 3, 66);
INSERT INTO proj.Item (UUID, Item_Name, Rarity, Market_Value, Category, Game_ID) VALUES ('cdaf8cb7-5f7f-4adc-888b-5f32ed9f805c', 'Card-6993awmu', 3, 9.68, 3, 5);

INSERT INTO proj.Item (UUID, Item_Name, Rarity, Market_Value, Category, Game_ID, ForSale) VALUES ('bce9d00b-8dda-4743-beef-97f69cdc193a', 'Wallpaper-6033ycif', 3, 11.16, 4, 6, 'Y');
INSERT INTO proj.Item (UUID, Item_Name, Rarity, Market_Value, Category, Game_ID, ForSale) VALUES ('bc8912fa-699e-410a-9410-b968d2393c10', 'Wallpaper-5816tbpx', 1, 12.01, 4, 3, 'Y');
INSERT INTO proj.Item (UUID, Item_Name, Rarity, Market_Value, Category, Game_ID) VALUES ('e414a86c-b989-4e63-a46e-a1faec8e8b68', 'Wallpaper-3148vcqb', 5, 5.8, 4, 49);
INSERT INTO proj.Item (UUID, Item_Name, Rarity, Market_Value, Category, Game_ID) VALUES ('3f3aea80-5c19-41a3-a7cf-304bcfcd37e6', 'Wallpaper-2175gvqv', 3, 5.8, 4, 55);
INSERT INTO proj.Item (UUID, Item_Name, Rarity, Market_Value, Category, Game_ID) VALUES ('4dc52a42-7968-4c9e-bc49-b1d70a520a0b', 'Wallpaper-2855hvfz', 4, 10.76, 4, 12);
INSERT INTO proj.Item (UUID, Item_Name, Rarity, Market_Value, Category, Game_ID) VALUES ('f1048dd5-5ae2-40e7-aabf-c921e65d91e5', 'Wallpaper-9737wzpp', 3, 14.38, 4, 23);
INSERT INTO proj.Item (UUID, Item_Name, Rarity, Market_Value, Category, Game_ID) VALUES ('ef7a851c-6aea-41e8-9090-bc87b8b9fbde', 'Wallpaper-5239jimf', 3, 3.73, 4, 32);
INSERT INTO proj.Item (UUID, Item_Name, Rarity, Market_Value, Category, Game_ID) VALUES ('d7e7f93a-3fcb-4f4e-829b-f54041435a80', 'Wallpaper-3188hxbr', 1, 9.01, 4, 48);
INSERT INTO proj.Item (UUID, Item_Name, Rarity, Market_Value, Category, Game_ID, ForSale) VALUES ('95b5c732-a6e1-430e-87bc-3fbe78878c4e', 'Wallpaper-0021uqii', 4, 0.92, 4, 23, 'Y');
INSERT INTO proj.Item (UUID, Item_Name, Rarity, Market_Value, Category, Game_ID, ForSale) VALUES ('4b663e30-6188-4620-a5f7-9d7be4f0d87b', 'Wallpaper-5212yrlc', 4, 13.63, 4, 6, 'Y');
GO
;

--Table [Inventory]
INSERT INTO proj.Inventory (AppUser_ID, Item_UUID) VALUES (1, '02242a45-6591-406f-b99f-92957a4c7b89');
INSERT INTO proj.Inventory (AppUser_ID, Item_UUID) VALUES (1, '3a77e02e-2f44-404f-822d-2cb4d9f48769');
INSERT INTO proj.Inventory (AppUser_ID, Item_UUID) VALUES (1, '9d7c2a6f-1e4a-4420-84e8-c08be026e040');
INSERT INTO proj.Inventory (AppUser_ID, Item_UUID) VALUES (1, 'bce9d00b-8dda-4743-beef-97f69cdc193a');
INSERT INTO proj.Inventory (AppUser_ID, Item_UUID) VALUES (11, '2a5e2ceb-ce5d-47c3-ac9f-7154cf3f61c4');
INSERT INTO proj.Inventory (AppUser_ID, Item_UUID) VALUES (58, 'f1009f39-c37d-44b7-934a-660c1cad947d');
INSERT INTO proj.Inventory (AppUser_ID, Item_UUID) VALUES (63, '7ce7ca81-4610-419b-85f6-d9c5cdef3252');
INSERT INTO proj.Inventory (AppUser_ID, Item_UUID) VALUES (42, 'bc8912fa-699e-410a-9410-b968d2393c10');
INSERT INTO proj.Inventory (AppUser_ID, Item_UUID) VALUES (74, '264650e6-0327-4b24-8610-17210fa5faf0');
INSERT INTO proj.Inventory (AppUser_ID, Item_UUID) VALUES (3, '03705926-ed97-4c4d-bbcc-d903908303cd');
INSERT INTO proj.Inventory (AppUser_ID, Item_UUID) VALUES (96, '878d939b-bddd-4d7b-8489-ab5be7809fb0');
INSERT INTO proj.Inventory (AppUser_ID, Item_UUID) VALUES (17, 'e414a86c-b989-4e63-a46e-a1faec8e8b68');
INSERT INTO proj.Inventory (AppUser_ID, Item_UUID) VALUES (48, '6dd21fba-fbe6-4b2b-8a3a-0ba567d8eabb');
INSERT INTO proj.Inventory (AppUser_ID, Item_UUID) VALUES (82, 'f7c6e3d1-321a-4d0f-97f5-42e3edad7c1d');
INSERT INTO proj.Inventory (AppUser_ID, Item_UUID) VALUES (67, '04555b03-17db-462d-9ba3-9ea85c047017');
INSERT INTO proj.Inventory (AppUser_ID, Item_UUID) VALUES (16, '3f3aea80-5c19-41a3-a7cf-304bcfcd37e6');
INSERT INTO proj.Inventory (AppUser_ID, Item_UUID) VALUES (38, 'e661c8fe-6d8d-4179-8669-7c5294109472');
INSERT INTO proj.Inventory (AppUser_ID, Item_UUID) VALUES (37, '6f57bcf9-eb12-49b4-a595-e28e2c1fba8f');
INSERT INTO proj.Inventory (AppUser_ID, Item_UUID) VALUES (22, 'a7344104-cb70-4781-8f67-0cab9d4468f5');
INSERT INTO proj.Inventory (AppUser_ID, Item_UUID) VALUES (64, '4dc52a42-7968-4c9e-bc49-b1d70a520a0b');
INSERT INTO proj.Inventory (AppUser_ID, Item_UUID) VALUES (51, '776ea454-13e8-449b-966c-de1d60fbee24');
INSERT INTO proj.Inventory (AppUser_ID, Item_UUID) VALUES (38, 'ed816297-0beb-44cc-a6ea-e7d4b74630a7');
INSERT INTO proj.Inventory (AppUser_ID, Item_UUID) VALUES (1, '0b556d21-2087-4df3-9dfa-0271b6061483');
INSERT INTO proj.Inventory (AppUser_ID, Item_UUID) VALUES (23, 'f1048dd5-5ae2-40e7-aabf-c921e65d91e5');
INSERT INTO proj.Inventory (AppUser_ID, Item_UUID) VALUES (89, '7499483e-4822-48ca-8607-5b295b877c57');
INSERT INTO proj.Inventory (AppUser_ID, Item_UUID) VALUES (73, '9811688d-3d26-4d22-ade2-98724c929f76');
INSERT INTO proj.Inventory (AppUser_ID, Item_UUID) VALUES (64, 'aecee278-fe6a-467d-82c8-0e24b5a34a92');
INSERT INTO proj.Inventory (AppUser_ID, Item_UUID) VALUES (87, 'ef7a851c-6aea-41e8-9090-bc87b8b9fbde');
INSERT INTO proj.Inventory (AppUser_ID, Item_UUID) VALUES (42, 'a16fda0d-83f9-4653-b126-f527c55ddd0c');
INSERT INTO proj.Inventory (AppUser_ID, Item_UUID) VALUES (72, 'abf1f7ae-4233-413b-90a8-a5a7404a635b');
INSERT INTO proj.Inventory (AppUser_ID, Item_UUID) VALUES (55, '9b40d143-5d43-4812-a02c-9f63135cc0be');
INSERT INTO proj.Inventory (AppUser_ID, Item_UUID) VALUES (95, 'd7e7f93a-3fcb-4f4e-829b-f54041435a80');
INSERT INTO proj.Inventory (AppUser_ID, Item_UUID) VALUES (26, '1aa060b9-8708-45f1-b22c-6fd35657a28f');
INSERT INTO proj.Inventory (AppUser_ID, Item_UUID) VALUES (72, '94865bc6-4b16-40ef-99a0-52e89e29518d');
INSERT INTO proj.Inventory (AppUser_ID, Item_UUID) VALUES (29, 'a05cdf3e-ddb0-4e10-b9d3-eb070713b257');
INSERT INTO proj.Inventory (AppUser_ID, Item_UUID) VALUES (87, '95b5c732-a6e1-430e-87bc-3fbe78878c4e');
INSERT INTO proj.Inventory (AppUser_ID, Item_UUID) VALUES (97, '10241d27-4315-40cf-a09e-581b991c9107');
INSERT INTO proj.Inventory (AppUser_ID, Item_UUID) VALUES (80, 'fc40e52e-ce88-46b0-86e6-637ae495d649');
INSERT INTO proj.Inventory (AppUser_ID, Item_UUID) VALUES (94, 'cdaf8cb7-5f7f-4adc-888b-5f32ed9f805c');
INSERT INTO proj.Inventory (AppUser_ID, Item_UUID) VALUES (94, '4b663e30-6188-4620-a5f7-9d7be4f0d87b');
GO
;

--Tabela [Market_Items]
INSERT INTO proj.Market_Items (Market_ID, Item_UUID) VALUES (1, 'bce9d00b-8dda-4743-beef-97f69cdc193a');
INSERT INTO proj.Market_Items (Market_ID, Item_UUID) VALUES (1, '4b663e30-6188-4620-a5f7-9d7be4f0d87b');
INSERT INTO proj.Market_Items (Market_ID, Item_UUID) VALUES (1, 'ed816297-0beb-44cc-a6ea-e7d4b74630a7');
INSERT INTO proj.Market_Items (Market_ID, Item_UUID) VALUES (1, 'bc8912fa-699e-410a-9410-b968d2393c10');
INSERT INTO proj.Market_Items (Market_ID, Item_UUID) VALUES (1, 'aecee278-fe6a-467d-82c8-0e24b5a34a92');
INSERT INTO proj.Market_Items (Market_ID, Item_UUID) VALUES (1, 'abf1f7ae-4233-413b-90a8-a5a7404a635b');
INSERT INTO proj.Market_Items (Market_ID, Item_UUID) VALUES (1, '95b5c732-a6e1-430e-87bc-3fbe78878c4e');
GO
;